train/loss,train/teacher_norm,train/relative_loss,step,train/time_per_it,val/logp,val/nfe,val/time_per_it,train/total_time
2.2283652,2.1717005,1.0260923,0,,,,,
2.2253766,2.3441415,0.9493354,50,,,,,
2.1790428,2.2298846,0.9771998,100,,,,,
2.2108927,2.28965,0.9656029,150,,,,,
2.1344287,2.184832,0.9769304,200,,,,,
2.0831404,2.170631,0.9596935,250,,,,,
2.6868634,2.7998126,0.9596583,300,,,,,
2.355162,2.441683,0.964565,350,,,,,
2.297893,2.4414258,0.9412095,400,,,,,
2.317561,2.3883839,0.97034687,450,,,,,
2.2643704,2.3641443,0.95779705,500,,,,,
2.1251998,2.2218766,0.95648867,550,,,,,
2.1177092,2.179536,0.97163296,600,,,,,
2.1561656,2.28062,0.9454295,650,,,,,
2.0765963,2.1674128,0.9580991,700,,,,,
2.9391613,3.0679328,0.95802665,750,,,,,
2.2033272,2.342741,0.9404912,800,,,,,
2.0968711,2.2299528,0.94032085,850,,,,,
2.2614367,2.3760543,0.95176136,900,,,,,
1.9039497,2.1155925,0.8999606,950,,,,,
2.0402677,2.2014608,0.92677903,1000,,,,,
1.8587947,2.0856566,0.89122754,1050,,,,,
2.0766807,2.1915698,0.9475768,1100,,,,,
2.0222409,2.234498,0.90500903,1150,,,,,
2.1734943,2.3928354,0.9083343,1200,,,,,
1.9522111,2.1218088,0.92006934,1250,,,,,
1.977808,2.204291,0.8972536,1300,,,,,
2.4499745,2.6386259,0.92850393,1350,,,,,
2.0509925,2.2609315,0.9071449,1400,,,,,
2.3062892,2.511691,0.91822165,1450,,,,,
2.098219,2.2800226,0.92026234,1500,,,,,
3.3259702,3.5609434,0.93401384,1550,,,,,
1.9294424,2.1621861,0.89235723,1600,,,,,
2.172511,2.3667493,0.91793036,1650,,,,,
1.7983851,1.9604666,0.9173251,1700,,,,,
2.0820894,2.3057103,0.90301436,1750,,,,,
2.207868,2.405374,0.9178897,1800,,,,,
1.9687293,2.1526098,0.91457784,1850,,,,,
2.150876,2.4433336,0.88030386,1900,,,,,
2.011627,2.212524,0.9092001,1950,,,,,
2.084792,2.2047539,0.9455894,2000,,,,,
2.207429,2.3528113,0.93820906,2050,,,,,
1.8786691,2.046546,0.9179706,2100,,,,,
1.9131033,2.1545925,0.8879189,2150,,,,,
2.2781434,2.492082,0.9141526,2200,,,,,
2.01175,2.251539,0.8934999,2250,,,,,
2.082333,2.3017054,0.90469146,2300,,,,,
1.963078,2.1191373,0.92635715,2350,,,,,
2.0714653,2.2990708,0.9010011,2400,,,,,
2.0806966,2.2754874,0.91439605,2450,,,,,
2.011806,2.2850828,0.88040835,2500,,,,,
2.1753116,2.440485,0.891344,2550,,,,,
2.3272238,2.5626445,0.9081337,2600,,,,,
1.7947595,2.0114288,0.8922809,2650,,,,,
1.9830661,2.2494078,0.8815947,2700,,,,,
1.8556347,2.079824,0.89220756,2750,,,,,
1.9280384,2.1019068,0.9172806,2800,,,,,
1.9559287,2.2282681,0.8777797,2850,,,,,
2.122157,2.3277204,0.911689,2900,,,,,
1.8945479,2.1239407,0.8919966,2950,,,,,
1.9993718,2.2338085,0.8950507,3000,,,,,
1.9233437,2.1856675,0.87997997,3050,,,,,
2.1702986,2.431282,0.892656,3100,,,,,
2.8960595,3.1272593,0.9260695,3150,,,,,
2.0162873,2.2493799,0.89637476,3200,,,,,
1.9940082,2.223577,0.896757,3250,,,,,
2.4991975,2.7499921,0.90880173,3300,,,,,
1.8004965,2.065092,0.87187225,3350,,,,,
1.9660571,2.131464,0.9223975,3400,,,,,
1.9488646,2.1239583,0.91756254,3450,,,,,
2.0604618,2.3315754,0.8837209,3500,,,,,
2.1993837,2.4951768,0.88145405,3550,,,,,
2.069159,2.3606293,0.87652856,3600,,,,,
1.941084,2.1936126,0.88488007,3650,,,,,
2.0174212,2.2009392,0.91661835,3700,,,,,
1.9544096,2.1308904,0.91717976,3750,,,,,
2.2295516,2.476621,0.90023935,3800,,,,,
2.1820621,2.409481,0.90561503,3850,,,,,
2.2740335,2.5212607,0.901943,3900,,,,,
1.9986545,2.2360246,0.89384276,3950,,,,,
1.8296895,2.0059319,0.9121394,4000,,,,,
2.018701,2.2213178,0.9087854,4050,,,,,
1.6879354,1.9086189,0.8843753,4100,,,,,
1.8295578,2.1047225,0.8692632,4150,,,,,
1.7366662,1.9589318,0.8865374,4200,,,,,
1.983175,2.2828999,0.8687087,4250,,,,,
2.6154907,2.7947693,0.9358521,4300,,,,,
2.3169837,2.5526857,0.90766513,4350,,,,,
2.1224828,2.3579712,0.9001309,4400,,,,,
2.2508967,2.4679892,0.9120367,4450,,,,,
1.9641163,2.188476,0.89748126,4500,,,,,
2.2868826,2.4944444,0.9167904,4550,,,,,
2.211401,2.3018055,0.96072453,4600,,,,,
2.4076033,2.6499119,0.90855974,4650,,,,,
1.7475624,1.9895163,0.8783856,4700,,,,,
2.1047156,2.2847424,0.9212048,4750,,,,,
1.9005319,2.095968,0.9067562,4800,,,,,
1.9910755,2.1556072,0.9236727,4850,,,,,
1.8287344,2.0372145,0.8976641,4900,,,,,
1.8609055,2.1620045,0.8607316,4950,,,,,
1.7660961,1.9418024,0.9095138,5000,,,,,
1.9811006,2.2473087,0.8815436,5050,,,,,
2.097274,2.3138688,0.9063928,5100,,,,,
2.1758397,2.346845,0.9271339,5150,,,,,
1.8245132,2.0347648,0.89667034,5200,,,,,
1.7180616,1.9899414,0.8633729,5250,,,,,
1.8125403,1.9951073,0.9084927,5300,,,,,
1.9117695,2.1732912,0.8796656,5350,,,,,
2.1320713,2.4241467,0.87951416,5400,,,,,
1.8082256,1.9820557,0.9122981,5450,,,,,
1.7944874,2.034678,0.8819515,5500,,,,,
2.0851264,2.321178,0.89830524,5550,,,,,
2.3350828,2.5377903,0.9201244,5600,,,,,
1.9814106,2.1409152,0.92549706,5650,,,,,
1.9238107,2.1973448,0.8755161,5700,,,,,
1.9110714,2.1035194,0.9085114,5750,,,,,
1.994462,2.1906161,0.9104571,5800,,,,,
2.2621398,2.3207588,0.9747414,5850,,,,,
2.0985954,2.2713716,0.9239331,5900,,,,,
1.6061336,1.8645134,0.86142236,5950,,,,,
1.8337173,2.0169764,0.9091417,6000,,,,,
1.7674837,2.0271592,0.87190175,6050,,,,,
2.123867,2.2790813,0.9318961,6100,,,,,
2.170094,2.317975,0.93620247,6150,,,,,
2.2799373,2.4767253,0.92054504,6200,,,,,
1.9718765,2.1953764,0.89819515,6250,,,,,
2.1160784,2.3097131,0.916165,6300,,,,,
2.4009154,2.6130495,0.9188174,6350,,,,,
1.8483673,2.0380263,0.90693986,6400,,,,,
1.8818151,2.0921311,0.89947283,6450,,,,,
2.3493302,2.563293,0.9165281,6500,,,,,
1.9092362,2.1217651,0.8998339,6550,,,,,
1.969224,2.1388779,0.9206809,6600,,,,,
2.0400531,2.237612,0.91170996,6650,,,,,
2.130491,2.3691652,0.89925814,6700,,,,,
1.7827231,1.9988743,0.8918635,6750,,,,,
2.0775506,2.2861223,0.9087662,6800,,,,,
1.9333702,2.1814532,0.88627625,6850,,,,,
1.989897,2.206441,0.90185827,6900,,,,,
1.9789629,2.2054107,0.8973217,6950,,,,,
1.726873,1.9133497,0.9025392,7000,,,,,
2.1749756,2.3824725,0.91290694,7050,,,,,
2.0387933,2.3097365,0.8826952,7100,,,,,
1.9188794,2.1730447,0.88303727,7150,,,,,
1.9074796,2.185237,0.8728937,7200,,,,,
1.929299,2.2132587,0.87170064,7250,,,,,
2.1932764,2.3751452,0.92342836,7300,,,,,
1.9371294,2.080002,0.9313113,7350,,,,,
1.9691254,2.2180123,0.8877883,7400,,,,,
1.7085578,1.8998427,0.8993154,7450,,,,,
1.6449276,1.8603107,0.884222,7500,,,,,
1.7754662,1.9026259,0.9331662,7550,,,,,
2.0379674,2.230991,0.9134808,7600,,,,,
2.0291622,2.2387533,0.9063804,7650,,,,,
2.0143409,2.3063662,0.8733829,7700,,,,,
2.1171541,2.282362,0.9276154,7750,,,,,
1.8086448,1.9937088,0.90717596,7800,,,,,
1.8394568,2.1110244,0.87135744,7850,,,,,
2.1363175,2.339614,0.91310686,7900,,,,,
2.1225572,2.339151,0.90740496,7950,,,,,
2.2400517,2.4619443,0.90987104,8000,,,,,
2.1716704,2.3952198,0.90666854,8050,,,,,
2.0021534,2.1818795,0.9176278,8100,,,,,
2.1691923,2.3859022,0.9091707,8150,,,,,
2.2443357,2.4849398,0.90317506,8200,,,,,
2.0346243,2.359413,0.8623435,8250,,,,,
2.1767378,2.3752308,0.9164321,8300,,,,,
1.943994,2.187862,0.888536,8350,,,,,
1.8753011,2.0957701,0.89480287,8400,,,,,
2.029508,2.2707376,0.89376605,8450,,,,,
1.9663843,2.2053533,0.89164144,8500,,,,,
1.9789342,2.178891,0.90823,8550,,,,,
2.250404,2.560658,0.8788381,8600,,,,,
1.9819119,2.1897035,0.9051052,8650,,,,,
1.9388863,2.1661458,0.8950858,8700,,,,,
1.9886303,2.2146,0.8979636,8750,,,,,
1.8804514,2.1890426,0.8590292,8800,,,,,
2.3269,2.5782914,0.90249693,8850,,,,,
1.8197012,2.1209397,0.8579693,8900,,,,,
1.8771983,2.143763,0.8756557,8950,,,,,
1.9798714,2.2483544,0.88058686,9000,,,,,
2.2336018,2.4981978,0.8940853,9050,,,,,
2.2014377,2.3471918,0.93790275,9100,,,,,
2.04627,2.3602023,0.8669892,9150,,,,,
2.112228,2.3497367,0.8989211,9200,,,,,
1.8325361,2.0242567,0.9052884,9250,,,,,
1.7604929,2.059839,0.854675,9300,,,,,
1.9044399,2.1331103,0.8927995,9350,,,,,
1.8182077,2.0404854,0.89106625,9400,,,,,
1.9938856,2.2321815,0.8932453,9450,,,,,
2.057426,2.2061386,0.93259144,9500,,,,,
2.1859593,2.4030616,0.909656,9550,,,,,
1.7695911,2.012171,0.87944365,9600,,,,,
2.1020505,2.3948479,0.8777387,9650,,,,,
2.5137744,2.6885428,0.9349951,9700,,,,,
1.9277229,2.2151296,0.87025285,9750,,,,,
1.8515897,2.0904982,0.8857169,9800,,,,,
1.9632609,2.140269,0.9172963,9850,,,,,
2.100004,2.3784654,0.8829239,9900,,,,,
2.0581887,2.3180923,0.8878804,9950,,,,,
1.9359461,2.191401,0.8834285,10000,,,,,
,,,10000,0.09107869227416814,,,,
,,,10000,,-0.7486019,,,
,,,10000,,,74.0,,
,,,10000,,,,7.797687727957964,
2.2459002,2.5263538,0.88898873,10050,,,,,
1.8252705,2.125598,0.8587092,10100,,,,,
1.715147,1.8827838,0.9109634,10150,,,,,
2.048647,2.210182,0.92691326,10200,,,,,
2.320505,2.5645666,0.9048332,10250,,,,,
2.0947726,2.3544939,0.88969123,10300,,,,,
1.8300496,2.099731,0.87156385,10350,,,,,
2.0685256,2.3258002,0.8893823,10400,,,,,
1.7730324,2.019598,0.8779136,10450,,,,,
2.4271507,2.702745,0.89803165,10500,,,,,
2.1139998,2.3631563,0.89456624,10550,,,,,
2.3121014,2.5554433,0.9047751,10600,,,,,
2.0573301,2.2725012,0.90531534,10650,,,,,
1.9100976,2.1897707,0.872282,10700,,,,,
1.870146,2.0645208,0.90584993,10750,,,,,
2.823554,2.9569874,0.95487523,10800,,,,,
2.084306,2.3505528,0.8867301,10850,,,,,
1.9722366,2.2112668,0.8919035,10900,,,,,
1.6728376,1.9241657,0.86938334,10950,,,,,
2.090786,2.330151,0.89727485,11000,,,,,
2.196562,2.4495625,0.896716,11050,,,,,
2.18222,2.360387,0.92451787,11100,,,,,
2.0942955,2.2586412,0.92723686,11150,,,,,
1.908122,2.0810263,0.9169139,11200,,,,,
1.7552478,2.0030901,0.87627,11250,,,,,
1.8706399,2.1225295,0.8813258,11300,,,,,
2.0483487,2.3143702,0.8850567,11350,,,,,
1.9936792,2.3301365,0.85560614,11400,,,,,
1.9630164,2.2729309,0.86364985,11450,,,,,
2.0838296,2.2963023,0.9074718,11500,,,,,
1.962046,2.1956003,0.8936263,11550,,,,,
1.7835932,2.0309193,0.8782196,11600,,,,,
2.1466296,2.4283187,0.8839982,11650,,,,,
2.0895817,2.2989469,0.90893,11700,,,,,
1.9533248,2.14937,0.90878946,11750,,,,,
1.7494476,2.0014706,0.8740811,11800,,,,,
1.8870745,2.1604517,0.873463,11850,,,,,
1.8209071,2.0576892,0.88492817,11900,,,,,
2.1952481,2.4857988,0.88311577,11950,,,,,
2.307095,2.5666218,0.89888394,12000,,,,,
2.0561237,2.339719,0.87879086,12050,,,,,
1.8616214,2.0721796,0.8983881,12100,,,,,
1.9565599,2.1751623,0.89950067,12150,,,,,
1.9626526,2.2793536,0.8610566,12200,,,,,
2.2382085,2.5305562,0.88447297,12250,,,,,
2.4761758,2.6564074,0.93215215,12300,,,,,
1.7298838,1.9744433,0.8761375,12350,,,,,
1.842607,2.0825377,0.88478935,12400,,,,,
1.8493992,2.1167746,0.8736874,12450,,,,,
2.2446551,2.469991,0.90877056,12500,,,,,
2.0413,2.243494,0.90987545,12550,,,,,
2.0918982,2.395512,0.8732572,12600,,,,,
1.7800057,2.013831,0.88389033,12650,,,,,
1.9029286,2.2028668,0.8638419,12700,,,,,
2.1776567,2.4205084,0.8996691,12750,,,,,
1.9376525,2.188991,0.8851806,12800,,,,,
2.3625898,2.579279,0.9159885,12850,,,,,
1.9687202,2.1989782,0.89528865,12900,,,,,
2.6570568,2.8977032,0.9169527,12950,,,,,
2.0905657,2.3394384,0.8936186,13000,,,,,
2.030211,2.2635763,0.8969041,13050,,,,,
1.9445066,2.171288,0.8955544,13100,,,,,
2.141626,2.3555489,0.9091833,13150,,,,,
2.129991,2.295196,0.9280214,13200,,,,,
2.206972,2.5096128,0.87940735,13250,,,,,
2.1424298,2.3732405,0.90274453,13300,,,,,
2.2028208,2.4184446,0.91084194,13350,,,,,
1.7975824,2.0865805,0.8614968,13400,,,,,
1.9799596,2.2397137,0.88402355,13450,,,,,
2.1577592,2.4434218,0.8830891,13500,,,,,
2.1432595,2.3908458,0.8964441,13550,,,,,
1.922765,2.2074504,0.8710343,13600,,,,,
1.9048452,2.1571188,0.8830507,13650,,,,,
1.8422513,2.1161366,0.870573,13700,,,,,
1.8565032,2.1016805,0.8833423,13750,,,,,
1.6874286,1.9678115,0.8575154,13800,,,,,
2.0694582,2.3466334,0.8818839,13850,,,,,
2.2426836,2.5501757,0.87942326,13900,,,,,
2.23774,2.4822283,0.9015045,13950,,,,,
1.9151168,2.1247945,0.9013186,14000,,,,,
3.1815944,3.3872623,0.93928194,14050,,,,,
2.0923386,2.3045354,0.9079221,14100,,,,,
2.1094575,2.40559,0.87689817,14150,,,,,
2.1553252,2.3662572,0.9108584,14200,,,,,
1.9916866,2.2102714,0.901105,14250,,,,,
2.928709,3.1487327,0.9301231,14300,,,,,
1.5147635,1.767238,0.8571361,14350,,,,,
2.2015076,2.4991047,0.8809185,14400,,,,,
2.263884,2.4155073,0.9372292,14450,,,,,
1.9633288,2.2526531,0.8715629,14500,,,,,
4.6396823,4.9006433,0.9467497,14550,,,,,
1.8086945,2.0591102,0.87838644,14600,,,,,
1.8921809,2.1073866,0.89788026,14650,,,,,
2.1425703,2.397717,0.89358765,14700,,,,,
2.2141628,2.4232123,0.91373044,14750,,,,,
2.4560366,2.6858582,0.9144327,14800,,,,,
2.0231924,2.2004118,0.9194608,14850,,,,,
2.2142406,2.441419,0.9069482,14900,,,,,
2.1138234,2.4570584,0.86030656,14950,,,,,
2.83099,3.1440096,0.90043944,15000,,,,,
2.1377816,2.3101234,0.92539716,15050,,,,,
2.0648947,2.2979307,0.8985888,15100,,,,,
1.9023609,2.146104,0.88642526,15150,,,,,
1.6639901,1.8589325,0.89513206,15200,,,,,
2.144465,2.3381479,0.91716397,15250,,,,,
1.7025827,1.944219,0.8757155,15300,,,,,
1.9521079,2.177638,0.8964336,15350,,,,,
1.963054,2.284124,0.8594341,15400,,,,,
1.8200016,2.034273,0.89466935,15450,,,,,
2.2985039,2.481653,0.9261988,15500,,,,,
1.709702,1.9486777,0.87736523,15550,,,,,
2.0965204,2.31387,0.90606666,15600,,,,,
2.0714343,2.2926733,0.9035017,15650,,,,,
2.006259,2.2718472,0.88309586,15700,,,,,
1.6944561,1.9630344,0.8631821,15750,,,,,
2.0879822,2.3225818,0.8989919,15800,,,,,
2.1420574,2.4268975,0.88263196,15850,,,,,
1.7828472,1.9641649,0.9076872,15900,,,,,
2.3168056,2.5429475,0.91107094,15950,,,,,
1.8964852,2.1019588,0.9022466,16000,,,,,
2.103148,2.4414263,0.8614424,16050,,,,,
1.9806218,2.2063718,0.8976828,16100,,,,,
2.318665,2.453856,0.9449067,16150,,,,,
2.0408678,2.3051155,0.88536465,16200,,,,,
1.9283063,2.133984,0.9036179,16250,,,,,
2.206057,2.4116917,0.9147343,16300,,,,,
2.7156558,2.991437,0.90780985,16350,,,,,
1.801455,2.0880818,0.862732,16400,,,,,
2.3935666,2.6752963,0.8946922,16450,,,,,
1.8588833,2.0599008,0.90241396,16500,,,,,
2.1748939,2.4189322,0.8991132,16550,,,,,
2.0519674,2.2544038,0.910204,16600,,,,,
1.9119205,2.1745477,0.8792268,16650,,,,,
1.9993165,2.2588015,0.8851227,16700,,,,,
2.0090857,2.2063298,0.9106008,16750,,,,,
1.8233337,2.0580285,0.88596135,16800,,,,,
1.9127665,2.2247212,0.8597781,16850,,,,,
1.8691518,2.0877817,0.89528126,16900,,,,,
1.8905691,2.167225,0.8723456,16950,,,,,
1.8672943,2.0933733,0.8920025,17000,,,,,
2.2331822,2.4109821,0.92625415,17050,,,,,
1.926272,2.1805954,0.8833698,17100,,,,,
2.2001772,2.434876,0.9036096,17150,,,,,
2.0339503,2.2702177,0.8959275,17200,,,,,
1.9630667,2.219174,0.8845935,17250,,,,,
2.069328,2.3651004,0.874943,17300,,,,,
2.5686886,2.8601456,0.89809716,17350,,,,,
1.9890847,2.170695,0.91633534,17400,,,,,
1.755172,1.9648353,0.8932922,17450,,,,,
1.7570972,2.0209365,0.86944705,17500,,,,,
1.8714294,2.0848496,0.89763284,17550,,,,,
1.9519615,2.1405358,0.9119032,17600,,,,,
1.9566723,2.3136683,0.84570134,17650,,,,,
2.033773,2.2863698,0.8895205,17700,,,,,
2.0947719,2.3221338,0.90208924,17750,,,,,
2.073779,2.3906322,0.86746055,17800,,,,,
1.7950573,2.0049856,0.8952969,17850,,,,,
2.0756977,2.2601805,0.9183769,17900,,,,,
1.9886867,2.2882676,0.86907965,17950,,,,,
1.7957646,2.0606601,0.8714511,18000,,,,,
2.203951,2.4226701,0.90971977,18050,,,,,
1.969549,2.221152,0.88672405,18100,,,,,
1.8935084,2.1514945,0.8800898,18150,,,,,
2.0771103,2.331808,0.8907724,18200,,,,,
1.9619628,2.1287918,0.92163205,18250,,,,,
2.1148071,2.360414,0.8959476,18300,,,,,
1.9322402,2.1320505,0.9062826,18350,,,,,
2.0442128,2.2020173,0.9283364,18400,,,,,
1.9884002,2.2113397,0.8991836,18450,,,,,
2.139399,2.4205143,0.8838613,18500,,,,,
1.9546821,2.1650066,0.9028527,18550,,,,,
1.8576813,2.1529589,0.86285037,18600,,,,,
2.035769,2.1827223,0.9326743,18650,,,,,
2.756557,3.0393498,0.9069562,18700,,,,,
1.869176,2.2104778,0.84559816,18750,,,,,
2.154811,2.395102,0.899674,18800,,,,,
2.193132,2.3979082,0.91460216,18850,,,,,
1.8607069,2.1383038,0.87017894,18900,,,,,
1.9551506,2.2631102,0.86392194,18950,,,,,
2.1533165,2.426859,0.88728535,19000,,,,,
2.013261,2.275268,0.8848457,19050,,,,,
1.8318956,2.0322545,0.9014106,19100,,,,,
1.6466986,1.8849413,0.87360734,19150,,,,,
2.2138143,2.4128323,0.9175169,19200,,,,,
1.9723469,2.2496781,0.87672406,19250,,,,,
1.7279367,1.9805279,0.87246275,19300,,,,,
1.9249184,2.1613247,0.89061975,19350,,,,,
1.8825803,2.0816584,0.90436566,19400,,,,,
1.914071,2.1096044,0.90731275,19450,,,,,
1.8001429,2.0104876,0.89537627,19500,,,,,
1.9907005,2.17816,0.9139368,19550,,,,,
1.9052292,2.093682,0.9099898,19600,,,,,
3.6845028,3.9420571,0.93466496,19650,,,,,
1.9238827,2.1148314,0.9097097,19700,,,,,
2.1603193,2.3886352,0.9044158,19750,,,,,
1.9216541,2.1456368,0.89561015,19800,,,,,
2.9073565,3.1512065,0.9226169,19850,,,,,
2.165241,2.3936603,0.90457326,19900,,,,,
2.10833,2.3195212,0.90895057,19950,,,,,
1.8435912,2.1037967,0.87631625,20000,,,,,
,,,20000,0.08083984809294344,,,,
,,,20000,,-0.525322,,,
,,,20000,,,77.0,,
,,,20000,,,,6.2299151457846165,
1.8348101,2.1304889,0.8612156,20050,,,,,
1.8331736,2.127482,0.8616636,20100,,,,,
2.5889673,2.8597522,0.9053117,20150,,,,,
1.917906,2.1206346,0.90440196,20200,,,,,
2.0108886,2.2595189,0.88996315,20250,,,,,
2.1661282,2.43755,0.8886497,20300,,,,,
1.8439225,2.148447,0.85825825,20350,,,,,
1.9802337,2.2632227,0.8749619,20400,,,,,
2.245872,2.4549143,0.91484743,20450,,,,,
1.7911634,2.0207024,0.88640636,20500,,,,,
1.9977262,2.2521474,0.8870317,20550,,,,,
1.7103189,2.027636,0.8435039,20600,,,,,
1.853152,2.1094873,0.87848455,20650,,,,,
2.0243137,2.3600428,0.8577445,20700,,,,,
1.9117007,2.2304993,0.857073,20750,,,,,
2.025454,2.2679634,0.8930718,20800,,,,,
2.2436728,2.4768713,0.90584964,20850,,,,,
2.3357327,2.5562696,0.91372705,20900,,,,,
1.9391729,2.228239,0.8702715,20950,,,,,
1.9493815,2.1874866,0.8911513,21000,,,,,
1.9367096,2.1625726,0.8955582,21050,,,,,
2.1829329,2.4483962,0.89157665,21100,,,,,
1.8143939,2.0580873,0.8815922,21150,,,,,
1.8197325,2.0914311,0.87008965,21200,,,,,
2.017509,2.2617598,0.89200854,21250,,,,,
1.9048536,2.143514,0.8886593,21300,,,,,
1.920923,2.2351604,0.8594117,21350,,,,,
2.0771255,2.3609347,0.87978953,21400,,,,,
1.8962438,2.1173522,0.89557314,21450,,,,,
2.16027,2.373868,0.9100211,21500,,,,,
2.1638188,2.4467034,0.8843813,21550,,,,,
2.7732024,3.0110714,0.92100185,21600,,,,,
2.1210406,2.3732924,0.8937123,21650,,,,,
2.064067,2.2681446,0.9100244,21700,,,,,
1.8542745,2.0775204,0.8925422,21750,,,,,
1.9872179,2.189945,0.90742826,21800,,,,,
1.8610365,2.1110349,0.88157547,21850,,,,,
2.1516554,2.3543115,0.9139213,21900,,,,,
2.1793418,2.4337041,0.89548343,21950,,,,,
2.3149636,2.6195698,0.88371897,22000,,,,,
1.8672072,2.0656781,0.9039197,22050,,,,,
1.8905771,2.1477025,0.8802789,22100,,,,,
2.082532,2.329608,0.8939409,22150,,,,,
2.234807,2.4946556,0.8958379,22200,,,,,
2.051151,2.2708921,0.9032358,22250,,,,,
1.9172788,2.171866,0.88277954,22300,,,,,
1.6792295,1.933451,0.8685141,22350,,,,,
1.6922044,1.9019569,0.8897176,22400,,,,,
2.3522725,2.5614195,0.91834724,22450,,,,,
2.0181851,2.2535152,0.895572,22500,,,,,
3.0788374,3.3635688,0.9153485,22550,,,,,
1.8660319,2.0457857,0.9121346,22600,,,,,
1.888608,2.1598465,0.87441766,22650,,,,,
1.7420251,1.9874547,0.8765106,22700,,,,,
1.986109,2.2601733,0.8787419,22750,,,,,
1.9438889,2.180097,0.89165246,22800,,,,,
1.8569009,2.1265674,0.8731917,22850,,,,,
1.9318756,2.2340455,0.8647432,22900,,,,,
1.9731703,2.2451735,0.8788498,22950,,,,,
2.1892438,2.4369256,0.898363,23000,,,,,
2.2350366,2.4687655,0.9053256,23050,,,,,
2.0005755,2.2765903,0.87875956,23100,,,,,
1.7589612,2.0043278,0.8775816,23150,,,,,
2.1212623,2.3669667,0.8961944,23200,,,,,
1.9296262,2.1233156,0.90877974,23250,,,,,
1.9630095,2.240316,0.8762199,23300,,,,,
2.439824,2.7578368,0.88468766,23350,,,,,
1.9659281,2.2220237,0.88474673,23400,,,,,
1.8967404,2.0889745,0.90797687,23450,,,,,
2.186439,2.4986095,0.8750623,23500,,,,,
1.9572464,2.19451,0.89188313,23550,,,,,
2.115294,2.3934464,0.8837858,23600,,,,,
2.2760513,2.5519438,0.8918893,23650,,,,,
2.1657884,2.4444318,0.8860089,23700,,,,,
1.9723022,2.2714148,0.86831445,23750,,,,,
1.8610275,2.1242716,0.8760779,23800,,,,,
1.8438377,2.0543315,0.89753664,23850,,,,,
2.0184808,2.2419,0.90034384,23900,,,,,
1.9172769,2.244779,0.8541049,23950,,,,,
1.7531592,2.1137037,0.8294252,24000,,,,,
2.0669494,2.2959836,0.9002457,24050,,,,,
1.7698079,2.0458717,0.865063,24100,,,,,
1.7366811,2.0060098,0.8657391,24150,,,,,
2.0506668,2.2681,0.9041342,24200,,,,,
2.1674135,2.3770463,0.9118095,24250,,,,,
1.951915,2.2297084,0.87541264,24300,,,,,
2.078248,2.292286,0.9066268,24350,,,,,
1.9376653,2.220068,0.87279546,24400,,,,,
2.241929,2.5080962,0.89387685,24450,,,,,
1.8749996,2.2185144,0.84516,24500,,,,,
1.9911076,2.2281387,0.89361924,24550,,,,,
1.9995987,2.3226821,0.86090076,24600,,,,,
1.9160445,2.1890836,0.87527245,24650,,,,,
3.2263188,3.4676013,0.930418,24700,,,,,
3.289224,3.476614,0.9460998,24750,,,,,
2.1476936,2.392232,0.8977782,24800,,,,,
1.7544142,2.093225,0.83813936,24850,,,,,
1.8598379,2.0826864,0.89299953,24900,,,,,
1.9190476,2.1791823,0.8806274,24950,,,,,
2.0695262,2.3144484,0.8941769,25000,,,,,
1.969085,2.1724896,0.9063725,25050,,,,,
1.8425303,2.1692731,0.8493768,25100,,,,,
1.7618496,2.0379047,0.86453974,25150,,,,,
2.0316856,2.3324385,0.87105644,25200,,,,,
1.8614714,2.1377683,0.87075454,25250,,,,,
1.8696271,2.079697,0.8989902,25300,,,,,
2.09606,2.3589265,0.88856524,25350,,,,,
1.6533127,1.8963237,0.8718515,25400,,,,,
1.7764204,2.0172315,0.880623,25450,,,,,
1.9958053,2.1650336,0.92183566,25500,,,,,
2.4904995,2.7410374,0.90859747,25550,,,,,
1.7666049,1.961382,0.90069395,25600,,,,,
1.9044607,2.2017763,0.86496556,25650,,,,,
2.0315442,2.3319578,0.87117535,25700,,,,,
2.4096599,2.6831663,0.8980658,25750,,,,,
1.7973211,2.1015546,0.855234,25800,,,,,
1.9102103,2.2199311,0.86048174,25850,,,,,
1.8949766,2.1192307,0.8941813,25900,,,,,
1.9377766,2.2614021,0.85689163,25950,,,,,
2.0602741,2.3078103,0.8927398,26000,,,,,
1.8588482,2.0439994,0.90941715,26050,,,,,
2.0368,2.2969718,0.88673264,26100,,,,,
1.648076,1.9048686,0.86519146,26150,,,,,
1.8540752,2.0145435,0.92034507,26200,,,,,
1.9310228,2.2343445,0.8642458,26250,,,,,
1.9464815,2.294553,0.8483052,26300,,,,,
1.9259784,2.1699138,0.8875829,26350,,,,,
1.9085522,2.1433175,0.8904664,26400,,,,,
1.9875288,2.2846484,0.8699495,26450,,,,,
1.9560378,2.2420764,0.8724224,26500,,,,,
2.1290474,2.321216,0.91721207,26550,,,,,
2.4631472,2.6651356,0.9242108,26600,,,,,
1.7240176,1.9732889,0.87367725,26650,,,,,
1.826178,2.0964198,0.87109363,26700,,,,,
1.9674191,2.1938787,0.8967767,26750,,,,,
1.8506353,2.1120646,0.87622094,26800,,,,,
2.3590808,2.513402,0.93860066,26850,,,,,
2.0291283,2.2217565,0.9132992,26900,,,,,
1.8976475,2.1230395,0.8938352,26950,,,,,
2.117731,2.4779081,0.8546447,27000,,,,,
1.9496709,2.2644463,0.8609923,27050,,,,,
1.7052677,1.9994012,0.8528892,27100,,,,,
1.7978164,2.044392,0.8793892,27150,,,,,
2.1105337,2.4511046,0.86105406,27200,,,,,
1.9180679,2.1716542,0.88322896,27250,,,,,
1.7029312,1.9929845,0.85446274,27300,,,,,
1.9273026,2.184321,0.88233495,27350,,,,,
2.0867212,2.3141484,0.90172315,27400,,,,,
1.9598608,2.2391438,0.8752724,27450,,,,,
1.8471115,2.150474,0.8589322,27500,,,,,
2.1481795,2.342,0.91724145,27550,,,,,
1.6295667,1.8992697,0.85799646,27600,,,,,
1.7834324,2.060258,0.86563545,27650,,,,,
1.8363999,2.1224787,0.86521477,27700,,,,,
1.760255,1.9963552,0.8817343,27750,,,,,
2.0516305,2.266139,0.90534186,27800,,,,,
1.8363106,2.1365447,0.8594768,27850,,,,,
1.8081105,2.0119348,0.8986924,27900,,,,,
2.026886,2.2380056,0.9056662,27950,,,,,
2.513882,2.722931,0.9232265,28000,,,,,
1.815434,2.0257034,0.8961993,28050,,,,,
2.3245573,2.6096344,0.8907598,28100,,,,,
2.634717,2.9509077,0.8928497,28150,,,,,
2.733168,2.9048991,0.9408822,28200,,,,,
1.7220497,1.9839338,0.8679975,28250,,,,,
1.9260736,2.1026423,0.91602534,28300,,,,,
1.8920538,2.178198,0.86863256,28350,,,,,
2.1161315,2.3870015,0.8865229,28400,,,,,
2.3996115,2.6375623,0.9097838,28450,,,,,
1.6756393,1.8703032,0.89591855,28500,,,,,
2.0590587,2.3287187,0.8842024,28550,,,,,
2.0805352,2.270696,0.9162544,28600,,,,,
2.0253744,2.2640276,0.89458907,28650,,,,,
1.9455576,2.1511278,0.90443605,28700,,,,,
1.9384089,2.1811788,0.8886978,28750,,,,,
1.995424,2.2415519,0.8901976,28800,,,,,
2.303577,2.5894854,0.8895887,28850,,,,,
1.9903235,2.220312,0.89641607,28900,,,,,
2.0713584,2.4127533,0.85850406,28950,,,,,
1.9048791,2.2215466,0.85745627,29000,,,,,
2.1329296,2.344789,0.90964663,29050,,,,,
1.8053579,2.0841165,0.8662462,29100,,,,,
1.9927502,2.2050524,0.9037201,29150,,,,,
2.0375,2.2218006,0.917049,29200,,,,,
1.6654348,1.9222351,0.86640537,29250,,,,,
2.4639678,2.6808167,0.9191109,29300,,,,,
2.0957975,2.384614,0.87888336,29350,,,,,
2.0242887,2.257199,0.89681447,29400,,,,,
1.9679065,2.203149,0.89322436,29450,,,,,
2.180011,2.4168358,0.9020104,29500,,,,,
2.5229473,2.7110097,0.9306301,29550,,,,,
2.4123194,2.6190073,0.92108154,29600,,,,,
2.470605,2.6526637,0.9313675,29650,,,,,
1.9050186,2.1444483,0.88834906,29700,,,,,
2.0791297,2.3446221,0.88676536,29750,,,,,
1.848868,2.069342,0.893457,29800,,,,,
1.8461527,2.0827718,0.88639224,29850,,,,,
1.8844595,2.127756,0.88565576,29900,,,,,
1.8508697,2.0598288,0.8985551,29950,,,,,
2.068005,2.3472457,0.88103473,30000,,,,,
,,,30000,0.08585741050131619,,,,
,,,30000,,-0.4386618,,,
,,,30000,,,80.0,,
,,,30000,,,,6.456658311188221,
2.1056504,2.2746482,0.92570376,30050,,,,,
1.9016958,2.1720357,0.87553614,30100,,,,,
2.0231366,2.2570848,0.89634943,30150,,,,,
2.1104777,2.4626415,0.85699755,30200,,,,,
2.0269995,2.3867707,0.8492644,30250,,,,,
1.8526783,2.1146271,0.8761253,30300,,,,,
2.235785,2.427287,0.92110443,30350,,,,,
1.8970526,2.1797252,0.87031734,30400,,,,,
1.7855933,2.0368176,0.87665844,30450,,,,,
1.8722779,2.1208053,0.8828146,30500,,,,,
2.1181257,2.3550074,0.8994135,30550,,,,,
1.8058954,2.031818,0.8888077,30600,,,,,
2.3851545,2.6737227,0.8920725,30650,,,,,
1.9163848,2.217782,0.86409974,30700,,,,,
1.8670522,2.0948796,0.8912456,30750,,,,,
1.921834,2.0962963,0.91677594,30800,,,,,
2.0396628,2.3086522,0.88348645,30850,,,,,
1.6958344,1.8820632,0.9010507,30900,,,,,
1.8048977,2.0297856,0.88920605,30950,,,,,
1.8623886,2.1206102,0.87823236,31000,,,,,
1.8531287,2.1300447,0.86999524,31050,,,,,
2.150941,2.3595939,0.9115725,31100,,,,,
1.5822403,1.8542225,0.85331744,31150,,,,,
2.031975,2.2755365,0.8929652,31200,,,,,
1.8029814,2.0732074,0.869658,31250,,,,,
2.008132,2.3250978,0.86367637,31300,,,,,
2.2642488,2.480518,0.9128129,31350,,,,,
2.2358313,2.51343,0.8895538,31400,,,,,
2.151129,2.4227254,0.88789636,31450,,,,,
1.8896551,2.131824,0.88640296,31500,,,,,
2.196588,2.4086466,0.91195947,31550,,,,,
2.2001307,2.4653037,0.892438,31600,,,,,
1.9944348,2.3611667,0.8446819,31650,,,,,
2.385019,2.5752785,0.9261208,31700,,,,,
1.9316993,2.1651216,0.89218974,31750,,,,,
1.7278638,1.9984617,0.8645969,31800,,,,,
2.4492416,2.6206932,0.93457776,31850,,,,,
2.2139192,2.5278249,0.8758198,31900,,,,,
1.915476,2.147623,0.8919051,31950,,,,,
1.5992249,1.85492,0.862153,32000,,,,,
2.086381,2.401257,0.8688703,32050,,,,,
1.9787743,2.2545805,0.8776685,32100,,,,,
1.9821504,2.252517,0.8799714,32150,,,,,
2.198785,2.419766,0.90867674,32200,,,,,
2.0267642,2.298008,0.8819657,32250,,,,,
2.003083,2.3289459,0.8600814,32300,,,,,
1.8306239,2.0539215,0.8912823,32350,,,,,
1.9283183,2.1781483,0.88530165,32400,,,,,
1.7454743,2.0149512,0.86626136,32450,,,,,
1.978362,2.2335167,0.88576096,32500,,,,,
1.9666996,2.1840978,0.90046316,32550,,,,,
1.9064531,2.1498356,0.8867902,32600,,,,,
1.9068071,2.181014,0.87427545,32650,,,,,
1.9820254,2.1855738,0.9068673,32700,,,,,
2.039039,2.2595046,0.90242743,32750,,,,,
1.7384295,1.9773997,0.8791493,32800,,,,,
2.3435183,2.6572163,0.88194484,32850,,,,,
2.0580096,2.2429595,0.91754204,32900,,,,,
1.8229778,2.0342922,0.8961239,32950,,,,,
1.8991673,2.1762292,0.87268716,33000,,,,,
1.7612557,2.0702527,0.8507443,33050,,,,,
1.7436278,1.9987835,0.87234455,33100,,,,,
1.8790658,2.1122231,0.8896152,33150,,,,,
1.8591986,2.0588493,0.90302795,33200,,,,,
2.197088,2.4856706,0.88390154,33250,,,,,
2.3488522,2.6320045,0.8924195,33300,,,,,
1.9914054,2.2595959,0.8813104,33350,,,,,
1.8433547,2.0507107,0.8988858,33400,,,,,
1.9782672,2.2359009,0.88477415,33450,,,,,
1.8387839,2.084115,0.88228524,33500,,,,,
1.8514456,2.0188043,0.9171001,33550,,,,,
2.28386,2.496747,0.91473424,33600,,,,,
2.0984669,2.3171055,0.90564144,33650,,,,,
1.9811248,2.1768093,0.9101049,33700,,,,,
2.1779773,2.3876374,0.91218936,33750,,,,,
1.5837363,1.8691981,0.8472812,33800,,,,,
2.242986,2.425746,0.92465824,33850,,,,,
1.9331762,2.1269348,0.9089024,33900,,,,,
1.9705665,2.2045376,0.8938684,33950,,,,,
1.8986863,2.1202507,0.89550084,34000,,,,,
2.3026054,2.5676966,0.89675915,34050,,,,,
1.9893289,2.276871,0.8737117,34100,,,,,
2.0639095,2.335262,0.8838021,34150,,,,,
2.5890083,2.8205752,0.9179008,34200,,,,,
1.817797,2.1289914,0.85383016,34250,,,,,
1.709534,1.9603088,0.8720739,34300,,,,,
1.8926098,2.1066656,0.8983912,34350,,,,,
1.9013569,2.1740746,0.87455916,34400,,,,,
2.2764854,2.4652286,0.9234379,34450,,,,,
2.1927514,2.4494488,0.8952019,34500,,,,,
1.5861595,1.8230832,0.8700423,34550,,,,,
1.8974454,2.1542244,0.88080215,34600,,,,,
2.2724872,2.4409337,0.93099093,34650,,,,,
1.8397512,2.0186663,0.9113697,34700,,,,,
2.2125392,2.4582944,0.9000302,34750,,,,,
1.9373085,2.1901758,0.8845448,34800,,,,,
2.1002235,2.3806505,0.8822058,34850,,,,,
2.0813336,2.3284366,0.893876,34900,,,,,
1.8093326,2.0383725,0.8876359,34950,,,,,
1.9328256,2.1109025,0.9156394,35000,,,,,
1.7908008,2.0619304,0.8685069,35050,,,,,
1.8448071,2.0983188,0.8791835,35100,,,,,
2.0289173,2.285006,0.88792646,35150,,,,,
2.1544385,2.3603182,0.9127746,35200,,,,,
1.9612486,2.2189927,0.88384634,35250,,,,,
1.6208336,1.8963598,0.8547079,35300,,,,,
1.8395997,2.0392525,0.90209514,35350,,,,,
1.9870065,2.2247372,0.89314216,35400,,,,,
2.0485113,2.3035882,0.8892697,35450,,,,,
2.0200212,2.2422972,0.90087134,35500,,,,,
1.8379782,2.0733452,0.8864796,35550,,,,,
2.1622305,2.3783908,0.9091149,35600,,,,,
2.0349956,2.3382916,0.8702916,35650,,,,,
2.0777516,2.3329315,0.8906184,35700,,,,,
1.7586904,1.9704795,0.892519,35750,,,,,
1.7723465,1.9978096,0.8871448,35800,,,,,
2.0354362,2.2621737,0.89977,35850,,,,,
1.8980832,2.1792502,0.87097996,35900,,,,,
1.9898231,2.293357,0.86764646,35950,,,,,
1.9614958,2.252702,0.8707303,36000,,,,,
2.1264627,2.3309793,0.9122615,36050,,,,,
1.880265,2.0908306,0.8992909,36100,,,,,
1.7537858,1.9043919,0.9209165,36150,,,,,
2.7169583,2.9639363,0.9166723,36200,,,,,
1.9445211,2.1629581,0.89901006,36250,,,,,
2.0450344,2.30626,0.88673186,36300,,,,,
1.8062023,2.016204,0.895843,36350,,,,,
2.0053444,2.2427082,0.89416194,36400,,,,,
2.0282454,2.31188,0.8773143,36450,,,,,
2.0658374,2.4216657,0.85306466,36500,,,,,
1.8489324,2.1558943,0.85761744,36550,,,,,
1.8516579,2.094492,0.8840607,36600,,,,,
1.9120854,2.1926684,0.87203586,36650,,,,,
2.0454729,2.2222018,0.92047125,36700,,,,,
1.9109812,2.1435971,0.8914834,36750,,,,,
2.3871088,2.659477,0.8975858,36800,,,,,
2.2766318,2.557366,0.89022535,36850,,,,,
2.2775958,2.5690346,0.8865571,36900,,,,,
1.8709471,2.17434,0.86046666,36950,,,,,
1.91871,2.1295714,0.9009841,37000,,,,,
1.8796031,2.1118212,0.890039,37050,,,,,
1.793856,2.0954785,0.8560603,37100,,,,,
2.1486673,2.3440309,0.9166549,37150,,,,,
3.3195114,3.575843,0.9283157,37200,,,,,
1.997946,2.2930374,0.8713098,37250,,,,,
1.748161,2.0239196,0.86375016,37300,,,,,
1.9611169,2.1904588,0.8952997,37350,,,,,
1.9031897,2.1993537,0.8653405,37400,,,,,
2.3980923,2.77008,0.8657122,37450,,,,,
1.9742982,2.2762392,0.867351,37500,,,,,
2.110781,2.3159876,0.9113956,37550,,,,,
1.7036955,1.9544132,0.8717172,37600,,,,,
2.0788941,2.2916358,0.907166,37650,,,,,
2.006925,2.2834535,0.8788991,37700,,,,,
1.9760993,2.2274928,0.8871406,37750,,,,,
2.0013764,2.3441377,0.8537794,37800,,,,,
1.8330122,2.1446939,0.85467315,37850,,,,,
1.9675326,2.2716641,0.86611956,37900,,,,,
1.9513273,2.1768942,0.8963813,37950,,,,,
1.9306778,2.1202464,0.91059124,38000,,,,,
1.9432423,2.1759944,0.8930364,38050,,,,,
1.9323146,2.2573519,0.8560095,38100,,,,,
1.8254626,2.1126766,0.86405206,38150,,,,,
1.7987609,2.1662104,0.8303722,38200,,,,,
2.0798335,2.2931209,0.90698814,38250,,,,,
2.1733494,2.4441288,0.8892123,38300,,,,,
1.7938851,2.0570946,0.87204796,38350,,,,,
1.7089891,1.9311386,0.88496447,38400,,,,,
2.1907048,2.4663563,0.88823533,38450,,,,,
1.8985323,2.1193192,0.89582175,38500,,,,,
2.1355522,2.3613741,0.9043684,38550,,,,,
2.0000339,2.2938573,0.87190855,38600,,,,,
1.6088917,1.848141,0.87054604,38650,,,,,
1.9390182,2.2003782,0.88122046,38700,,,,,
1.5603824,1.740765,0.8963774,38750,,,,,
1.7878981,2.0159287,0.8868856,38800,,,,,
1.8280432,2.0475702,0.89278656,38850,,,,,
1.6572192,1.9504228,0.84967184,38900,,,,,
2.0234237,2.260173,0.89525163,38950,,,,,
1.9821504,2.2582872,0.8777229,39000,,,,,
1.9990803,2.385529,0.8380029,39050,,,,,
2.1433203,2.3496208,0.91219836,39100,,,,,
2.2613056,2.5207925,0.8970614,39150,,,,,
1.8064934,2.003479,0.90167826,39200,,,,,
1.8199579,2.071432,0.87859887,39250,,,,,
2.369545,2.6083665,0.9084402,39300,,,,,
2.3209429,2.5193455,0.9212484,39350,,,,,
2.1008315,2.4274256,0.8654566,39400,,,,,
2.456014,2.6585555,0.9238152,39450,,,,,
2.2435694,2.496189,0.89879787,39500,,,,,
1.8589033,2.1103692,0.8808427,39550,,,,,
2.145789,2.4414382,0.8789037,39600,,,,,
1.9716357,2.2920818,0.8601943,39650,,,,,
2.0082817,2.2661982,0.88618976,39700,,,,,
2.1032965,2.326291,0.9041416,39750,,,,,
2.582934,2.748484,0.9397669,39800,,,,,
2.1005445,2.253664,0.9320575,39850,,,,,
1.9239873,2.205793,0.872243,39900,,,,,
1.8836081,2.1517391,0.8753887,39950,,,,,
1.748702,1.9459816,0.8986221,40000,,,,,
,,,40000,0.08019176301024854,,,,
,,,40000,,-0.3812579,,,
,,,40000,,,83.0,,
,,,40000,,,,6.22024192661047,
1.7796497,2.0418086,0.87160456,40050,,,,,
1.8916719,2.1605244,0.8755615,40100,,,,,
1.6745068,1.908231,0.8775179,40150,,,,,
2.1895504,2.4380956,0.89805764,40200,,,,,
2.1208909,2.3968506,0.8848657,40250,,,,,
1.960567,2.2191968,0.88345796,40300,,,,,
2.5759344,2.8043995,0.9185333,40350,,,,,
2.1644783,2.3999915,0.9018692,40400,,,,,
2.10318,2.330642,0.9024037,40450,,,,,
1.9556773,2.263141,0.86414295,40500,,,,,
1.9650614,2.2478862,0.87418187,40550,,,,,
1.6709964,1.9978248,0.83640784,40600,,,,,
1.8441385,2.1500173,0.85773194,40650,,,,,
1.8188055,2.0310078,0.8955187,40700,,,,,
1.9924793,2.2308064,0.8931655,40750,,,,,
1.9998645,2.2009323,0.90864426,40800,,,,,
2.1238306,2.3505132,0.90356034,40850,,,,,
1.9008539,2.1494715,0.88433546,40900,,,,,
1.908531,2.0993164,0.90912026,40950,,,,,
1.8938911,2.1551914,0.8787577,41000,,,,,
2.3543646,2.590672,0.9087853,41050,,,,,
2.272801,2.4796684,0.91657454,41100,,,,,
2.3240006,2.6012354,0.8934219,41150,,,,,
1.9068562,2.1665182,0.88014776,41200,,,,,
2.0841355,2.3595455,0.8832784,41250,,,,,
2.3345447,2.6316001,0.88711977,41300,,,,,
2.171758,2.4564793,0.8840937,41350,,,,,
1.983758,2.2228622,0.89243406,41400,,,,,
2.0657828,2.3725333,0.87070763,41450,,,,,
1.7635232,1.9909732,0.8857594,41500,,,,,
1.895646,2.1140897,0.8966724,41550,,,,,
2.0731697,2.3022137,0.90051144,41600,,,,,
1.8797086,2.1652436,0.868128,41650,,,,,
1.5910058,1.802595,0.8826197,41700,,,,,
1.8927443,2.1915574,0.86365265,41750,,,,,
1.8059351,2.0625083,0.87560135,41800,,,,,
1.8833059,2.1767814,0.8651792,41850,,,,,
2.0532024,2.2785654,0.9010943,41900,,,,,
1.908298,2.197098,0.8685539,41950,,,,,
2.0440202,2.317698,0.88191825,42000,,,,,
1.9332345,2.184153,0.88511854,42050,,,,,
1.8367747,2.059001,0.89207083,42100,,,,,
1.8814943,2.144419,0.8773912,42150,,,,,
1.9922884,2.2113953,0.90091914,42200,,,,,
2.006414,2.277496,0.8809736,42250,,,,,
1.8121734,2.071808,0.87468207,42300,,,,,
2.3108442,2.5838223,0.89435107,42350,,,,,
1.7838957,2.0263107,0.8803663,42400,,,,,
2.0274725,2.241516,0.9045094,42450,,,,,
2.148502,2.3608406,0.91005814,42500,,,,,
1.9784853,2.3290696,0.8494745,42550,,,,,
2.1802483,2.4635937,0.88498694,42600,,,,,
1.8360553,2.1353018,0.8598575,42650,,,,,
1.8005476,2.0152872,0.8934447,42700,,,,,
1.7330005,2.0248547,0.85586417,42750,,,,,
1.7458328,1.9659576,0.8880318,42800,,,,,
2.343799,2.6009052,0.9011474,42850,,,,,
1.9546974,2.2349184,0.8746169,42900,,,,,
1.9966836,2.2270155,0.8965737,42950,,,,,
1.8045413,2.0892563,0.86372423,43000,,,,,
2.233488,2.4853382,0.89866567,43050,,,,,
2.04851,2.2325366,0.9175707,43100,,,,,
2.0147061,2.2260132,0.9050738,43150,,,,,
2.1829047,2.535864,0.86081296,43200,,,,,
1.8950719,2.1287098,0.8902443,43250,,,,,
2.3834863,2.5972056,0.9177118,43300,,,,,
2.2010236,2.4433393,0.90082604,43350,,,,,
2.0139837,2.2200189,0.9071922,43400,,,,,
2.2838721,2.5586326,0.89261436,43450,,,,,
2.4588578,2.6563501,0.92565274,43500,,,,,
2.222585,2.4847884,0.89447653,43550,,,,,
2.3685029,2.5392938,0.93274075,43600,,,,,
2.2423544,2.4560971,0.91297466,43650,,,,,
1.6591843,1.9805917,0.8377215,43700,,,,,
2.231948,2.5022943,0.8919606,43750,,,,,
1.61198,1.8568823,0.868111,43800,,,,,
2.1440692,2.4107456,0.88938016,43850,,,,,
2.0028377,2.240952,0.8937441,43900,,,,,
1.8654583,2.0917828,0.891803,43950,,,,,
2.1258159,2.363358,0.8994896,44000,,,,,
2.3693178,2.561038,0.9251396,44050,,,,,
1.7743219,2.0429683,0.86850196,44100,,,,,
2.1818466,2.3522873,0.9275425,44150,,,,,
1.994178,2.178784,0.9152711,44200,,,,,
1.9021779,2.174399,0.87480634,44250,,,,,
1.7054684,1.9451246,0.8767913,44300,,,,,
2.084681,2.3117561,0.9017738,44350,,,,,
2.0453877,2.2597454,0.9051408,44400,,,,,
1.9259586,2.1702762,0.8874256,44450,,,,,
2.1738877,2.4009752,0.90541863,44500,,,,,
1.93726,2.1838741,0.88707495,44550,,,,,
2.1311078,2.4021254,0.8871759,44600,,,,,
1.962865,2.1914728,0.89568305,44650,,,,,
2.1513252,2.3733191,0.90646267,44700,,,,,
1.8230721,2.0699396,0.8807368,44750,,,,,
1.7678219,2.0269778,0.87214667,44800,,,,,
2.1448908,2.495849,0.8593833,44850,,,,,
1.7406825,2.0063472,0.86758786,44900,,,,,
1.9077175,2.2363386,0.8530539,44950,,,,,
1.8205553,2.0632842,0.882358,45000,,,,,
2.0357084,2.2542944,0.90303576,45050,,,,,
2.1348715,2.3536744,0.90703773,45100,,,,,
2.4118214,2.69952,0.89342594,45150,,,,,
1.9277422,2.1285572,0.90565675,45200,,,,,
2.2979062,2.5091128,0.9158241,45250,,,,,
1.9693984,2.2517543,0.8746063,45300,,,,,
1.7707721,2.0580144,0.86042744,45350,,,,,
2.1127982,2.3750348,0.8895862,45400,,,,,
2.1781716,2.444441,0.89107144,45450,,,,,
1.7191497,1.9700996,0.87262076,45500,,,,,
2.0736008,2.3317206,0.8893007,45550,,,,,
1.5330586,1.8156834,0.84434247,45600,,,,,
2.0438833,2.3260064,0.8787092,45650,,,,,
1.6879125,1.939717,0.8701849,45700,,,,,
1.913313,2.091792,0.9146764,45750,,,,,
2.2448468,2.5049965,0.8961477,45800,,,,,
1.6099529,1.8712444,0.86036485,45850,,,,,
2.007187,2.3297467,0.86154723,45900,,,,,
1.7368965,2.0111923,0.8636153,45950,,,,,
2.0456083,2.2925816,0.89227283,46000,,,,,
2.115775,2.3867292,0.8864747,46050,,,,,
1.7793659,2.087038,0.85257953,46100,,,,,
2.1813736,2.3888066,0.91316456,46150,,,,,
1.8446689,2.1736765,0.84864,46200,,,,,
2.4318507,2.6410763,0.9207801,46250,,,,,
1.8635497,2.0642219,0.9027856,46300,,,,,
1.9004827,2.1811626,0.8713164,46350,,,,,
1.8836976,2.1089873,0.8931763,46400,,,,,
2.0462604,2.2930021,0.8923935,46450,,,,,
2.1870918,2.3922324,0.9142472,46500,,,,,
1.8511537,2.1722817,0.85217017,46550,,,,,
1.7318761,2.0451107,0.84683734,46600,,,,,
1.7668138,1.955002,0.90374017,46650,,,,,
1.9296023,2.1695685,0.88939446,46700,,,,,
2.4210486,2.6123931,0.9267551,46750,,,,,
1.9915954,2.279405,0.8737347,46800,,,,,
1.8864791,2.1606286,0.8731159,46850,,,,,
1.929765,2.2003264,0.8770358,46900,,,,,
1.7176299,1.9625161,0.8752183,46950,,,,,
2.347487,2.6424391,0.8883788,47000,,,,,
2.1168668,2.381788,0.88877213,47050,,,,,
1.9447067,2.2671094,0.8577913,47100,,,,,
1.9112756,2.1485548,0.8895633,47150,,,,,
1.7168492,2.0090146,0.8545728,47200,,,,,
1.9960574,2.2322216,0.8942022,47250,,,,,
2.5002024,2.7774727,0.9001717,47300,,,,,
2.1839347,2.4558635,0.8892737,47350,,,,,
1.9801438,2.313257,0.85599816,47400,,,,,
2.0189698,2.2651029,0.8913369,47450,,,,,
1.7699838,2.0770268,0.85217184,47500,,,,,
2.0596757,2.2589936,0.91176695,47550,,,,,
1.8012211,2.0428414,0.8817234,47600,,,,,
1.6765717,1.9151394,0.8754306,47650,,,,,
1.8462594,2.1429763,0.8615398,47700,,,,,
1.8613664,2.1335974,0.8724075,47750,,,,,
2.015515,2.231264,0.90330637,47800,,,,,
2.2067451,2.482201,0.88902754,47850,,,,,
1.6940573,1.9911915,0.8507757,47900,,,,,
2.3337743,2.5763068,0.90586036,47950,,,,,
2.1326587,2.4280329,0.87834835,48000,,,,,
1.8599595,2.1575665,0.8620635,48050,,,,,
1.7275646,1.9898059,0.8682076,48100,,,,,
2.4288013,2.643075,0.9189301,48150,,,,,
1.8104453,2.1516318,0.84142894,48200,,,,,
2.042558,2.2485113,0.9084045,48250,,,,,
2.0263758,2.4074278,0.8417182,48300,,,,,
2.2008028,2.461051,0.89425325,48350,,,,,
2.494624,2.829789,0.8815583,48400,,,,,
2.1390936,2.3805008,0.8985898,48450,,,,,
1.8606565,2.0799394,0.8945725,48500,,,,,
2.207573,2.5246873,0.8743946,48550,,,,,
2.1158676,2.4398708,0.8672048,48600,,,,,
1.9002843,2.1371393,0.8891719,48650,,,,,
1.800633,2.0457318,0.88019013,48700,,,,,
1.8077481,2.0165484,0.8964566,48750,,,,,
2.2122166,2.46002,0.89926773,48800,,,,,
2.0010185,2.250082,0.8893091,48850,,,,,
1.690827,1.9339652,0.87428,48900,,,,,
1.9573723,2.231927,0.87698764,48950,,,,,
1.9396569,2.2074254,0.8786965,49000,,,,,
2.133398,2.4679294,0.8644486,49050,,,,,
1.7875493,2.0944276,0.85347867,49100,,,,,
1.895531,2.2057912,0.85934293,49150,,,,,
1.7492764,2.0392473,0.85780495,49200,,,,,
1.7189515,2.02271,0.8498259,49250,,,,,
1.8844154,2.1504347,0.87629503,49300,,,,,
1.7179815,1.9408021,0.88519144,49350,,,,,
2.2100863,2.4660563,0.89620274,49400,,,,,
1.684041,1.9480585,0.86447155,49450,,,,,
1.8121021,2.10891,0.85926,49500,,,,,
1.7375752,1.941129,0.8951364,49550,,,,,
1.9237189,2.246134,0.8564577,49600,,,,,
2.115644,2.3523564,0.89937216,49650,,,,,
2.1194825,2.4001641,0.8830573,49700,,,,,
2.0627747,2.325932,0.8868594,49750,,,,,
2.0396004,2.29282,0.88955975,49800,,,,,
2.0263462,2.2925677,0.88387626,49850,,,,,
1.9633132,2.1779184,0.90146315,49900,,,,,
2.0643072,2.2631645,0.91213304,49950,,,,,
1.7408419,2.0502892,0.8490714,50000,,,,,
,,,50000,0.08779478154145182,,,,
,,,50000,,-0.34505543,,,
,,,50000,,,83.0,,
,,,50000,,,,6.377531513571739,
1.9390748,2.162279,0.89677364,50050,,,,,
2.14365,2.462751,0.8704291,50100,,,,,
1.8392956,2.1275315,0.86452097,50150,,,,,
1.9366493,2.2151773,0.87426376,50200,,,,,
2.1421523,2.409524,0.8890355,50250,,,,,
1.9302435,2.204349,0.87565243,50300,,,,,
2.1425576,2.401132,0.8923114,50350,,,,,
1.8869914,2.1376767,0.88273,50400,,,,,
2.1594086,2.5544457,0.8453531,50450,,,,,
1.9806973,2.2645588,0.8746504,50500,,,,,
1.8024721,2.0613804,0.87440056,50550,,,,,
2.011403,2.2742445,0.8844269,50600,,,,,
1.9010314,2.107759,0.9019206,50650,,,,,
1.7885244,1.9854763,0.9008036,50700,,,,,
1.945245,2.23102,0.87190837,50750,,,,,
1.9853675,2.2830496,0.8696121,50800,,,,,
1.6080322,1.8322401,0.87763184,50850,,,,,
1.8161474,2.091615,0.8682991,50900,,,,,
2.8312287,3.0273676,0.9352114,50950,,,,,
1.7493583,2.0008762,0.8742961,51000,,,,,
1.8941878,2.2221093,0.85242784,51050,,,,,
2.1562011,2.3221836,0.92852306,51100,,,,,
2.1502364,2.4615388,0.87353337,51150,,,,,
1.925713,2.2070775,0.87251717,51200,,,,,
1.6406218,1.9138956,0.85721594,51250,,,,,
1.9420326,2.1129856,0.91909415,51300,,,,,
2.1308136,2.3986018,0.8883565,51350,,,,,
1.892141,2.1407478,0.8838692,51400,,,,,
1.8905265,2.1185665,0.8923612,51450,,,,,
1.8207943,2.0555859,0.8857788,51500,,,,,
2.1535394,2.5277586,0.85195607,51550,,,,,
1.9336027,2.1481295,0.9001332,51600,,,,,
2.1267865,2.3608282,0.9008646,51650,,,,,
1.9421825,2.0967202,0.9262955,51700,,,,,
1.8003967,2.0890858,0.8618108,51750,,,,,
2.1024823,2.3704073,0.8869709,51800,,,,,
1.657041,1.8908472,0.87634844,51850,,,,,
2.2530797,2.521659,0.893491,51900,,,,,
2.4213877,2.7185545,0.89068943,51950,,,,,
2.1945581,2.4416952,0.89878464,52000,,,,,
2.1701834,2.3796234,0.91198605,52050,,,,,
1.9984436,2.3385172,0.85457724,52100,,,,,
1.7249703,1.953282,0.8831138,52150,,,,,
1.831691,2.0710337,0.88443327,52200,,,,,
1.8791963,2.160289,0.86988187,52250,,,,,
1.9108334,2.1544588,0.8869204,52300,,,,,
1.815413,2.1261246,0.8538601,52350,,,,,
1.9150636,2.1171257,0.9045583,52400,,,,,
1.876478,2.164871,0.8667851,52450,,,,,
1.8768376,2.1765945,0.86228174,52500,,,,,
2.0297713,2.3361254,0.86886233,52550,,,,,
2.081901,2.3708603,0.8781205,52600,,,,,
1.9296461,2.2048416,0.87518585,52650,,,,,
1.8308728,2.059792,0.8888629,52700,,,,,
2.009472,2.3640916,0.84999746,52750,,,,,
2.238738,2.509735,0.89202166,52800,,,,,
2.1905499,2.446686,0.895313,52850,,,,,
1.9620475,2.2109313,0.8874303,52900,,,,,
1.8468778,2.1597557,0.85513276,52950,,,,,
1.8995367,2.1476955,0.8844534,53000,,,,,
2.3392396,2.7061367,0.8644203,53050,,,,,
2.0134058,2.2589843,0.89128804,53100,,,,,
2.1309154,2.3966947,0.8891059,53150,,,,,
2.0405343,2.3489237,0.8687103,53200,,,,,
1.9637926,2.2968938,0.8549775,53250,,,,,
1.7752308,2.106113,0.8428944,53300,,,,,
2.3437228,2.5971012,0.90243804,53350,,,,,
1.7678368,2.0861173,0.8474293,53400,,,,,
1.9989402,2.3377829,0.85505813,53450,,,,,
1.8132577,2.0641007,0.87847346,53500,,,,,
2.1335785,2.4311502,0.87760043,53550,,,,,
2.097078,2.3774848,0.8820574,53600,,,,,
1.8266128,2.0953186,0.87175906,53650,,,,,
1.9949669,2.2477202,0.8875512,53700,,,,,
1.8445209,2.0571733,0.89662886,53750,,,,,
1.9904183,2.202894,0.90354705,53800,,,,,
2.1127036,2.3225117,0.90966326,53850,,,,,
2.0117707,2.2754455,0.8841217,53900,,,,,
1.7768416,2.1087976,0.8425852,53950,,,,,
2.0790806,2.3438187,0.88704836,54000,,,,,
1.8417143,2.0870209,0.8824609,54050,,,,,
2.122831,2.313595,0.9175465,54100,,,,,
2.2512627,2.5470161,0.88388234,54150,,,,,
1.9094834,2.1253548,0.8984304,54200,,,,,
1.8510666,2.0919611,0.88484746,54250,,,,,
2.09753,2.3485641,0.8931116,54300,,,,,
2.0152545,2.3587341,0.85437965,54350,,,,,
1.9599046,2.1323576,0.9191256,54400,,,,,
2.1929407,2.5123851,0.8728521,54450,,,,,
1.9716674,2.234626,0.8823254,54500,,,,,
1.9038355,2.146094,0.88711655,54550,,,,,
2.0191448,2.364734,0.8538571,54600,,,,,
2.040654,2.234482,0.91325593,54650,,,,,
2.1869342,2.4287035,0.9004533,54700,,,,,
1.9735417,2.2451997,0.87900496,54750,,,,,
2.0836277,2.367172,0.8802181,54800,,,,,
1.7310863,1.9668152,0.8801469,54850,,,,,
1.8946475,2.1659498,0.8747421,54900,,,,,
1.9932966,2.3246737,0.8574523,54950,,,,,
2.1365557,2.3818512,0.89701474,55000,,,,,
2.0086002,2.2200665,0.9047478,55050,,,,,
1.8673793,2.1208842,0.88047206,55100,,,,,
1.7354774,2.0381541,0.8514947,55150,,,,,
1.8403931,2.122281,0.86717683,55200,,,,,
2.0894618,2.3179314,0.9014338,55250,,,,,
1.8716305,2.1729126,0.8613464,55300,,,,,
2.0254688,2.2035651,0.9191781,55350,,,,,
2.024396,2.2872105,0.88509387,55400,,,,,
1.9030492,2.1287065,0.89399326,55450,,,,,
2.2209163,2.5559652,0.8689149,55500,,,,,
2.1048408,2.3047266,0.9132713,55550,,,,,
2.0085511,2.2056043,0.91065794,55600,,,,,
2.1768236,2.505301,0.86888707,55650,,,,,
1.9074175,2.1597471,0.8831671,55700,,,,,
1.9557769,2.2333374,0.8757194,55750,,,,,
1.927397,2.1305008,0.9046685,55800,,,,,
1.810668,2.049246,0.88357764,55850,,,,,
2.150067,2.416191,0.889858,55900,,,,,
2.0718646,2.342629,0.8844186,55950,,,,,
2.0857038,2.2888598,0.91124135,56000,,,,,
2.2121828,2.4799645,0.89202195,56050,,,,,
2.1304305,2.3541296,0.90497583,56100,,,,,
2.0398636,2.282374,0.89374644,56150,,,,,
1.8682549,2.1511188,0.8685038,56200,,,,,
2.1365318,2.380844,0.89738417,56250,,,,,
1.901158,2.180994,0.8716933,56300,,,,,
2.0034502,2.2826471,0.87768716,56350,,,,,
1.951153,2.122927,0.9190863,56400,,,,,
1.9572569,2.3066907,0.84851295,56450,,,,,
2.52283,2.7301588,0.9240598,56500,,,,,
2.0225601,2.3089533,0.87596405,56550,,,,,
2.037419,2.239077,0.909937,56600,,,,,
1.9482819,2.1740441,0.89615566,56650,,,,,
2.3147705,2.6000724,0.8902716,56700,,,,,
2.0516086,2.4167652,0.8489068,56750,,,,,
1.8208858,2.055962,0.8856612,56800,,,,,
2.1280956,2.4272075,0.8767671,56850,,,,,
1.7615837,2.011056,0.8759496,56900,,,,,
1.8870244,2.1011505,0.898091,56950,,,,,
2.0004976,2.3000925,0.86974657,57000,,,,,
2.0536141,2.2092142,0.92956775,57050,,,,,
1.9556897,2.1574864,0.9064668,57100,,,,,
2.2417932,2.512828,0.8921395,57150,,,,,
1.8649724,2.1619067,0.86265165,57200,,,,,
2.0512724,2.3394766,0.8768083,57250,,,,,
1.78419,2.0714898,0.8613076,57300,,,,,
1.8615742,2.156603,0.8631974,57350,,,,,
2.251997,2.4898818,0.9044595,57400,,,,,
1.9763513,2.284419,0.86514395,57450,,,,,
1.641498,1.8906132,0.86823577,57500,,,,,
1.7417281,2.0151658,0.8643101,57550,,,,,
2.8241487,3.1014907,0.91057783,57600,,,,,
1.9910461,2.2147274,0.89900273,57650,,,,,
1.9926487,2.2633934,0.88038105,57700,,,,,
2.0244765,2.2516387,0.8991125,57750,,,,,
2.3712175,2.6553597,0.8929929,57800,,,,,
1.8175904,2.1457424,0.84706825,57850,,,,,
2.0784116,2.3615913,0.88008946,57900,,,,,
1.9208472,2.2058318,0.8708041,57950,,,,,
1.9362625,2.22677,0.86953866,58000,,,,,
1.5992854,1.8970184,0.8430521,58050,,,,,
1.9683061,2.2135744,0.88919806,58100,,,,,
2.0456266,2.2395353,0.9134157,58150,,,,,
2.7194514,3.0471973,0.89244354,58200,,,,,
1.9350456,2.2831314,0.8475402,58250,,,,,
1.9221938,2.1723976,0.88482594,58300,,,,,
1.9619032,2.2840266,0.8589669,58350,,,,,
2.035225,2.3552117,0.8641367,58400,,,,,
1.7585176,2.0369453,0.8633112,58450,,,,,
2.1678305,2.4383345,0.889062,58500,,,,,
2.296722,2.579994,0.89020437,58550,,,,,
2.0070214,2.2836244,0.8788755,58600,,,,,
1.7330755,1.9681084,0.88057935,58650,,,,,
1.7996354,1.9791851,0.90928096,58700,,,,,
1.8349957,2.1005237,0.87358963,58750,,,,,
1.7718585,2.0060172,0.8832718,58800,,,,,
1.8763942,2.1592107,0.86901855,58850,,,,,
1.864709,2.1382952,0.87205404,58900,,,,,
1.7815402,1.9727806,0.9030605,58950,,,,,
1.9299369,2.13839,0.90251863,59000,,,,,
1.9449173,2.190398,0.8879288,59050,,,,,
2.361815,2.6223607,0.9006446,59100,,,,,
1.9325157,2.2002075,0.8783334,59150,,,,,
1.9227488,2.2824678,0.84239906,59200,,,,,
1.9708606,2.2395391,0.88002956,59250,,,,,
1.7680925,2.000608,0.88377756,59300,,,,,
1.913066,2.0886934,0.9159152,59350,,,,,
1.7298813,2.0086298,0.86122453,59400,,,,,
1.9652327,2.2591133,0.8699133,59450,,,,,
2.4423244,2.7236695,0.89670366,59500,,,,,
1.8571272,2.1663117,0.857276,59550,,,,,
2.0054054,2.3735301,0.8449041,59600,,,,,
2.2871227,2.5756786,0.88796896,59650,,,,,
1.8789635,2.1005278,0.89451975,59700,,,,,
2.1458185,2.4014647,0.8935457,59750,,,,,
1.8130252,2.0828612,0.8704494,59800,,,,,
2.2252421,2.5513344,0.8721876,59850,,,,,
1.9265532,2.140258,0.90015,59900,,,,,
1.8629413,2.093229,0.8899844,59950,,,,,
1.8858386,2.1501455,0.87707484,60000,,,,,
,,,60000,0.08563056312203407,,,,
,,,60000,,-0.3250543,,,
,,,60000,,,86.0,,
,,,60000,,,,6.480435889214277,
1.9504832,2.2146513,0.880718,60050,,,,,
1.7348523,2.0210104,0.8584084,60100,,,,,
1.8838701,2.1470041,0.87744135,60150,,,,,
1.9949431,2.2584739,0.88331467,60200,,,,,
1.9285281,2.1821709,0.8837658,60250,,,,,
2.0721657,2.360078,0.87800723,60300,,,,,
3.9205904,4.22585,0.92776376,60350,,,,,
2.0982692,2.2920132,0.91546994,60400,,,,,
1.9672728,2.2456706,0.87602913,60450,,,,,
1.889843,2.2108908,0.85478806,60500,,,,,
1.9516463,2.2420273,0.87048286,60550,,,,,
1.7817835,2.0931997,0.8512248,60600,,,,,
1.7093601,2.0031295,0.8533448,60650,,,,,
1.7746681,2.0440464,0.86821324,60700,,,,,
2.3844604,2.7212968,0.87622213,60750,,,,,
1.8738569,2.0576322,0.910686,60800,,,,,
2.2607665,2.5666728,0.880816,60850,,,,,
2.1761446,2.4274693,0.8964664,60900,,,,,
1.9089073,2.1889305,0.87207305,60950,,,,,
2.1114454,2.309226,0.914352,61000,,,,,
1.6972915,1.9404156,0.87470514,61050,,,,,
1.7232076,1.9431565,0.8868084,61100,,,,,
2.0381002,2.2148123,0.9202136,61150,,,,,
1.7507358,1.9789913,0.88466066,61200,,,,,
1.6764901,1.9307055,0.86833024,61250,,,,,
2.309393,2.5725303,0.8977126,61300,,,,,
2.4217367,2.6146111,0.9262321,61350,,,,,
2.1157057,2.3634698,0.8951693,61400,,,,,
2.5078592,2.7859838,0.90017,61450,,,,,
1.7373579,1.993052,0.8717072,61500,,,,,
2.0108142,2.3102355,0.87039363,61550,,,,,
2.1598935,2.3876703,0.90460294,61600,,,,,
2.001103,2.2915611,0.87324876,61650,,,,,
2.0652943,2.3218102,0.889519,61700,,,,,
2.2032514,2.4460144,0.9007516,61750,,,,,
2.3113103,2.627997,0.8794951,61800,,,,,
2.64894,2.8857052,0.9179524,61850,,,,,
1.893939,2.170673,0.8725124,61900,,,,,
1.9190345,2.177621,0.8812528,61950,,,,,
1.9760203,2.2756982,0.8683139,62000,,,,,
2.1209342,2.402872,0.8826663,62050,,,,,
2.069621,2.35857,0.8774898,62100,,,,,
2.0487614,2.2303755,0.91857237,62150,,,,,
1.9495656,2.2209387,0.87781155,62200,,,,,
1.8885748,2.1603174,0.8742117,62250,,,,,
1.8028889,2.0925303,0.8615832,62300,,,,,
1.9869457,2.2211268,0.8945666,62350,,,,,
2.119032,2.3565965,0.8991917,62400,,,,,
1.671277,1.9042337,0.87766385,62450,,,,,
1.8677559,2.2118957,0.84441406,62500,,,,,
2.0727186,2.3269243,0.89075464,62550,,,,,
2.3065765,2.6004143,0.8870035,62600,,,,,
2.1046796,2.4264889,0.86737657,62650,,,,,
1.7815835,1.9837304,0.8980976,62700,,,,,
1.7578508,2.0327184,0.8647783,62750,,,,,
1.5864577,1.8129616,0.87506413,62800,,,,,
2.0922577,2.3048706,0.907755,62850,,,,,
2.1248262,2.3804338,0.89262146,62900,,,,,
2.5964808,2.844181,0.9129098,62950,,,,,
2.2961571,2.4680548,0.93035096,63000,,,,,
1.957566,2.19993,0.88983107,63050,,,,,
2.1022153,2.28476,0.9201034,63100,,,,,
1.7454818,2.0651903,0.8451918,63150,,,,,
1.7234229,2.0346355,0.84704256,63200,,,,,
2.194394,2.4150434,0.9086355,63250,,,,,
1.9250214,2.1863189,0.88048524,63300,,,,,
1.7021431,1.8812132,0.9048114,63350,,,,,
2.2158356,2.4344704,0.910192,63400,,,,,
2.023691,2.2738018,0.8900032,63450,,,,,
1.5916626,1.8528934,0.8590147,63500,,,,,
1.9875963,2.2817328,0.8710907,63550,,,,,
2.2794874,2.4909337,0.9151137,63600,,,,,
1.9699714,2.187304,0.9006391,63650,,,,,
1.9073026,2.1911874,0.8704425,63700,,,,,
1.7879362,2.0559595,0.86963594,63750,,,,,
2.1552596,2.4239519,0.88915116,63800,,,,,
2.575731,2.8469357,0.904738,63850,,,,,
1.718514,2.0510314,0.8378779,63900,,,,,
1.8299801,2.1313148,0.85861564,63950,,,,,
1.9445971,2.2094674,0.88012034,64000,,,,,
1.9753001,2.200397,0.8977017,64050,,,,,
1.9099679,2.1171565,0.9021383,64100,,,,,
2.0844746,2.3297992,0.89470136,64150,,,,,
1.9994599,2.2081513,0.9054904,64200,,,,,
1.747402,1.9237965,0.9083091,64250,,,,,
2.539655,2.750268,0.9234209,64300,,,,,
1.7628222,1.9828818,0.8890203,64350,,,,,
1.6985182,1.9401319,0.87546533,64400,,,,,
2.2574606,2.5063653,0.900691,64450,,,,,
2.069962,2.265287,0.9137747,64500,,,,,
1.9838983,2.2245235,0.8918307,64550,,,,,
1.8829112,2.1792433,0.86402065,64600,,,,,
1.9682332,2.2444346,0.8769394,64650,,,,,
2.0288095,2.2719007,0.893001,64700,,,,,
2.0061362,2.289586,0.8762004,64750,,,,,
1.8882408,2.1980305,0.85906035,64800,,,,,
2.2249267,2.501439,0.88945866,64850,,,,,
1.9818642,2.2644622,0.87520295,64900,,,,,
2.1837497,2.4517415,0.8906933,64950,,,,,
1.8181918,2.041746,0.89050835,65000,,,,,
1.882952,2.1270814,0.885228,65050,,,,,
1.8220634,2.1043897,0.86583936,65100,,,,,
1.9188623,2.2037597,0.8707221,65150,,,,,
1.768892,2.0071945,0.88127583,65200,,,,,
2.0383453,2.3197665,0.87868553,65250,,,,,
2.145062,2.3785682,0.9018291,65300,,,,,
1.9204781,2.1859822,0.8785424,65350,,,,,
1.9946271,2.3156133,0.86138177,65400,,,,,
2.2980282,2.5196214,0.91205305,65450,,,,,
2.0026731,2.2929292,0.87341255,65500,,,,,
1.9426428,2.22854,0.871711,65550,,,,,
1.9061165,2.2414808,0.8503827,65600,,,,,
1.6716496,1.9596469,0.85303605,65650,,,,,
2.1638134,2.39204,0.9045891,65700,,,,,
2.0672383,2.2430017,0.9216392,65750,,,,,
2.3035161,2.5444474,0.905311,65800,,,,,
2.129949,2.4045439,0.8858017,65850,,,,,
1.6757675,2.0173273,0.830687,65900,,,,,
1.8397431,2.107812,0.8728213,65950,,,,,
2.0460978,2.2754724,0.8991969,66000,,,,,
1.8514498,2.0504494,0.9029484,66050,,,,,
2.0128098,2.222352,0.90571153,66100,,,,,
1.790472,2.1408658,0.83633083,66150,,,,,
2.0773888,2.2727551,0.91403985,66200,,,,,
2.0483992,2.3740914,0.86281395,66250,,,,,
1.8440748,2.1360948,0.8632926,66300,,,,,
1.7597001,1.9812412,0.8881806,66350,,,,,
2.1502314,2.502019,0.85939854,66400,,,,,
2.0519593,2.327397,0.88165414,66450,,,,,
2.108934,2.326914,0.9063222,66500,,,,,
1.5829341,1.8970721,0.83440906,66550,,,,,
1.9073715,2.1571252,0.8842192,66600,,,,,
1.9962274,2.230374,0.8950191,66650,,,,,
1.7774279,2.065406,0.86057067,66700,,,,,
2.1354177,2.4206347,0.88217264,66750,,,,,
1.8516321,2.0623693,0.8978179,66800,,,,,
2.2075987,2.362809,0.9343111,66850,,,,,
1.8421073,2.1636379,0.8513935,66900,,,,,
1.7417779,2.0267305,0.8594028,66950,,,,,
1.968657,2.3197746,0.84864146,67000,,,,,
1.795749,2.0791545,0.8636919,67050,,,,,
1.8686211,2.260497,0.8266417,67100,,,,,
1.938592,2.195458,0.8830012,67150,,,,,
1.7453314,2.0290098,0.8601887,67200,,,,,
1.7168894,1.988363,0.8634688,67250,,,,,
1.7423873,1.9844488,0.8780207,67300,,,,,
1.7503812,2.0452785,0.85581553,67350,,,,,
1.7772527,2.0776963,0.8553958,67400,,,,,
1.9798036,2.205093,0.89783233,67450,,,,,
2.204657,2.4733748,0.8913558,67500,,,,,
1.8301158,2.1445382,0.8533846,67550,,,,,
1.7843287,2.1270409,0.8388784,67600,,,,,
1.9218515,2.1576202,0.89072746,67650,,,,,
2.088447,2.359005,0.8853085,67700,,,,,
2.0782495,2.304615,0.90177727,67750,,,,,
2.066133,2.2612185,0.9137255,67800,,,,,
1.7519541,1.9652612,0.89146125,67850,,,,,
1.9982641,2.3135743,0.86371297,67900,,,,,
2.0842848,2.3026385,0.9051724,67950,,,,,
1.5736358,1.869029,0.84195364,68000,,,,,
1.8384243,2.047621,0.89783424,68050,,,,,
2.1133866,2.3447888,0.9013122,68100,,,,,
2.0520656,2.3582873,0.8701508,68150,,,,,
2.9369917,3.2296755,0.90937674,68200,,,,,
1.6920521,2.0658867,0.819044,68250,,,,,
2.1623645,2.4365773,0.8874599,68300,,,,,
2.0623343,2.347179,0.8786438,68350,,,,,
2.0302906,2.302918,0.8816166,68400,,,,,
1.8641407,2.0968819,0.88900614,68450,,,,,
2.0999086,2.3989503,0.87534475,68500,,,,,
1.8455664,2.0632606,0.8944902,68550,,,,,
2.191665,2.4084067,0.91000617,68600,,,,,
1.9551356,2.2063298,0.8861484,68650,,,,,
2.0437908,2.3348303,0.87534875,68700,,,,,
1.7407609,2.0440152,0.85163796,68750,,,,,
2.1028523,2.3744178,0.8856286,68800,,,,,
1.9516257,2.2719097,0.85902435,68850,,,,,
1.927758,2.2932906,0.84060776,68900,,,,,
1.9646931,2.2592824,0.86960936,68950,,,,,
1.8521216,2.1635368,0.856062,69000,,,,,
1.8347013,2.1238449,0.8638584,69050,,,,,
2.3696542,2.546996,0.9303721,69100,,,,,
2.0062485,2.2902493,0.87599564,69150,,,,,
1.87468,2.0828605,0.9000507,69200,,,,,
2.019291,2.3733664,0.85081303,69250,,,,,
2.243474,2.5042696,0.89585966,69300,,,,,
2.414794,2.6492417,0.91150385,69350,,,,,
2.0196872,2.2170484,0.91098017,69400,,,,,
1.8458226,2.15684,0.85579944,69450,,,,,
2.2861476,2.5912156,0.88226837,69500,,,,,
1.8840406,2.095188,0.89922273,69550,,,,,
2.2018917,2.4165874,0.9111575,69600,,,,,
1.9708543,2.1648207,0.91040075,69650,,,,,
2.0462472,2.3254337,0.8799422,69700,,,,,
1.8123612,1.9573264,0.9259371,69750,,,,,
1.8344312,2.0619981,0.88963765,69800,,,,,
2.4705968,2.73403,0.9036465,69850,,,,,
1.8628515,2.1964595,0.84811556,69900,,,,,
1.7460345,1.9192269,0.9097593,69950,,,,,
1.8658957,2.1722615,0.8589646,70000,,,,,
,,,70000,0.08008974592089653,,,,
,,,70000,,-0.30837187,,,
,,,70000,,,86.0,,
,,,70000,,,,6.1473688669502735,
1.96099,2.2495055,0.87174267,70050,,,,,
1.8851444,2.1038947,0.896026,70100,,,,,
1.9877604,2.2228193,0.89425194,70150,,,,,
1.6997669,1.9278872,0.88167346,70200,,,,,
2.0481184,2.3584003,0.86843544,70250,,,,,
2.0570846,2.3157332,0.8883081,70300,,,,,
2.1535852,2.3920069,0.9003257,70350,,,,,
1.9249704,2.1638465,0.8896058,70400,,,,,
2.0313966,2.2979403,0.8840076,70450,,,,,
2.03291,2.346435,0.8663824,70500,,,,,
1.8042704,2.0896688,0.8634241,70550,,,,,
2.050176,2.2954705,0.8931397,70600,,,,,
1.7040825,1.9333616,0.88140905,70650,,,,,
1.7860674,2.119618,0.84263647,70700,,,,,
2.2208023,2.408338,0.92213064,70750,,,,,
2.1723237,2.4177856,0.8984765,70800,,,,,
1.9962677,2.2840853,0.87399,70850,,,,,
1.9606371,2.236216,0.8767655,70900,,,,,
1.9922872,2.2571764,0.8826458,70950,,,,,
1.7802715,2.0385733,0.8732929,71000,,,,,
2.058766,2.2796063,0.9031234,71050,,,,,
1.957468,2.2553806,0.86791027,71100,,,,,
2.0511665,2.3355088,0.87825257,71150,,,,,
2.1633494,2.3932226,0.9039483,71200,,,,,
1.797343,1.97519,0.90995955,71250,,,,,
1.9914249,2.3094459,0.86229557,71300,,,,,
1.9412279,2.1730285,0.89332837,71350,,,,,
1.7534676,2.0459273,0.8570527,71400,,,,,
2.0492918,2.2869613,0.89607626,71450,,,,,
2.2664063,2.547781,0.8895609,71500,,,,,
1.9912256,2.214522,0.89916724,71550,,,,,
2.0065846,2.2113886,0.9073867,71600,,,,,
1.9453876,2.2078903,0.88110703,71650,,,,,
2.0159736,2.2642908,0.8903333,71700,,,,,
1.8851284,2.158312,0.87342715,71750,,,,,
2.0098023,2.2699819,0.8853826,71800,,,,,
1.9093623,2.2275803,0.8571463,71850,,,,,
1.9586444,2.2156773,0.8839935,71900,,,,,
1.7161238,1.9827722,0.8655173,71950,,,,,
1.8851552,2.1055121,0.8953428,72000,,,,,
2.0026832,2.1439893,0.9340919,72050,,,,,
1.9241083,2.1790588,0.8829997,72100,,,,,
1.8718494,2.1091943,0.8874713,72150,,,,,
2.158754,2.424891,0.8902479,72200,,,,,
2.0779324,2.3615332,0.8799082,72250,,,,,
2.0460823,2.2804873,0.89721274,72300,,,,,
1.8390381,2.1583586,0.852054,72350,,,,,
2.1917014,2.388622,0.91755885,72400,,,,,
1.8160486,1.9907101,0.91226166,72450,,,,,
1.9410524,2.2584925,0.85944605,72500,,,,,
1.9678454,2.2834156,0.8617991,72550,,,,,
1.8013632,2.0886676,0.86244607,72600,,,,,
1.8083333,2.0818286,0.86862737,72650,,,,,
1.768691,2.0800202,0.8503239,72700,,,,,
2.1462893,2.4364443,0.8809105,72750,,,,,
1.9776871,2.3158317,0.8539857,72800,,,,,
1.9804327,2.2299576,0.88810337,72850,,,,,
1.9887962,2.3178475,0.85803586,72900,,,,,
1.9367448,2.2468061,0.8619991,72950,,,,,
1.9042233,2.1691337,0.8778727,73000,,,,,
2.5398717,2.776667,0.9147195,73050,,,,,
2.002475,2.2806087,0.87804407,73100,,,,,
2.25656,2.43062,0.92838866,73150,,,,,
1.8226774,2.0828552,0.875086,73200,,,,,
1.8806877,2.2010596,0.85444653,73250,,,,,
1.7972102,2.1395862,0.8399803,73300,,,,,
2.1337106,2.3428617,0.9107284,73350,,,,,
1.9528397,2.1797996,0.89588046,73400,,,,,
2.5442772,2.739347,0.92878973,73450,,,,,
1.6946561,1.9555346,0.8665948,73500,,,,,
2.091724,2.366763,0.88379097,73550,,,,,
2.307073,2.57834,0.8947901,73600,,,,,
1.780334,2.0689855,0.86048645,73650,,,,,
1.9054866,2.1909428,0.8697108,73700,,,,,
1.9275204,2.2261777,0.86584306,73750,,,,,
2.3518052,2.6111293,0.9006851,73800,,,,,
2.0458646,2.2898676,0.8934423,73850,,,,,
2.1473446,2.4031575,0.89355135,73900,,,,,
1.8271953,2.1516166,0.84921974,73950,,,,,
1.8077756,2.0633602,0.87613183,74000,,,,,
1.8301799,2.100678,0.871233,74050,,,,,
2.0128686,2.3239198,0.86615235,74100,,,,,
2.109561,2.3587303,0.8943629,74150,,,,,
1.6616962,1.9969577,0.83211386,74200,,,,,
1.9292952,2.133183,0.90442085,74250,,,,,
1.8380783,2.106886,0.8724147,74300,,,,,
3.0985222,3.4305575,0.90321237,74350,,,,,
1.8677254,2.1066813,0.88657236,74400,,,,,
2.0451362,2.3623548,0.8657194,74450,,,,,
2.0657208,2.429915,0.8501206,74500,,,,,
1.8303444,2.0684187,0.88490033,74550,,,,,
1.9991856,2.2317984,0.89577335,74600,,,,,
2.2570808,2.4351041,0.92689294,74650,,,,,
1.9187025,2.1620374,0.8874512,74700,,,,,
1.8757662,2.2242944,0.84330845,74750,,,,,
1.7721429,1.9662302,0.9012897,74800,,,,,
2.2701473,2.500294,0.9079522,74850,,,,,
2.057659,2.2645566,0.9086365,74900,,,,,
1.9572923,2.1737866,0.9004068,74950,,,,,
2.2757456,2.5747986,0.88385385,75000,,,,,
1.7880813,2.0631392,0.8666799,75050,,,,,
2.009211,2.3572361,0.8523588,75100,,,,,
1.8756975,2.1241424,0.88303757,75150,,,,,
2.3530455,2.5918405,0.9078666,75200,,,,,
1.9962031,2.3150969,0.8622547,75250,,,,,
1.7459879,2.0028887,0.87173486,75300,,,,,
1.9713749,2.3149776,0.85157406,75350,,,,,
1.9176145,2.1199946,0.9045374,75400,,,,,
1.9660206,2.2556486,0.87159884,75450,,,,,
2.1427794,2.3577332,0.9088303,75500,,,,,
1.9997157,2.3397236,0.8546803,75550,,,,,
1.8721553,2.1028054,0.89031315,75600,,,,,
1.857235,2.0938904,0.88697815,75650,,,,,
2.0170753,2.300611,0.87675637,75700,,,,,
2.0014045,2.2609181,0.88521755,75750,,,,,
2.0707986,2.3629196,0.8763729,75800,,,,,
1.8618724,2.131556,0.8734804,75850,,,,,
1.9524417,2.2161632,0.8810009,75900,,,,,
1.8966873,2.1870036,0.86725384,75950,,,,,
2.0220728,2.2948332,0.8811415,76000,,,,,
1.8261008,2.0643427,0.8845919,76050,,,,,
1.9574951,2.22197,0.88097274,76100,,,,,
2.045289,2.2601457,0.90493685,76150,,,,,
2.1571376,2.4952903,0.86448365,76200,,,,,
1.9504449,2.2678401,0.86004514,76250,,,,,
2.131044,2.3620346,0.9022069,76300,,,,,
2.035409,2.3548126,0.86436135,76350,,,,,
1.6427503,1.9851165,0.8275334,76400,,,,,
1.7992419,2.0415561,0.8813091,76450,,,,,
2.9591405,3.2409568,0.91304535,76500,,,,,
2.0955563,2.3732345,0.88299584,76550,,,,,
1.9116821,2.1099324,0.90603954,76600,,,,,
1.9696864,2.2628338,0.87045115,76650,,,,,
1.7373339,1.9405996,0.8952563,76700,,,,,
1.763678,2.0382395,0.86529475,76750,,,,,
1.710817,2.0825696,0.8214933,76800,,,,,
2.0145538,2.3255255,0.8662789,76850,,,,,
2.0789847,2.3287797,0.89273566,76900,,,,,
1.5719682,1.8499281,0.8497456,76950,,,,,
1.8870232,2.106874,0.8956507,77000,,,,,
1.767025,2.0838172,0.847975,77050,,,,,
2.146389,2.3916624,0.8974465,77100,,,,,
2.1126316,2.387098,0.88502085,77150,,,,,
2.08286,2.3135273,0.9002962,77200,,,,,
1.8596911,2.1003432,0.8854225,77250,,,,,
1.939255,2.1899292,0.8855332,77300,,,,,
2.1669736,2.4011357,0.9024786,77350,,,,,
1.7616407,2.0756798,0.8487054,77400,,,,,
2.015981,2.2416906,0.89931273,77450,,,,,
1.9670026,2.2638378,0.8688797,77500,,,,,
2.0321157,2.3329246,0.87105936,77550,,,,,
2.0605721,2.345888,0.8783762,77600,,,,,
1.6885744,2.0021577,0.8433773,77650,,,,,
1.7027016,1.9262704,0.88393694,77700,,,,,
2.2928224,2.6204534,0.8749716,77750,,,,,
1.7632654,2.0319424,0.8677733,77800,,,,,
2.0761902,2.3733401,0.87479675,77850,,,,,
1.9889116,2.1857553,0.9099425,77900,,,,,
1.6291583,1.9166592,0.8499989,77950,,,,,
1.6642631,1.9249976,0.8645534,78000,,,,,
1.978416,2.2464774,0.8806747,78050,,,,,
1.664518,1.9151696,0.869123,78100,,,,,
2.015799,2.1984673,0.9169111,78150,,,,,
2.2531075,2.4890792,0.90519726,78200,,,,,
1.6378567,1.9065969,0.8590472,78250,,,,,
2.0556617,2.410947,0.85263664,78300,,,,,
1.5923442,1.8970808,0.8393655,78350,,,,,
2.2005308,2.4299889,0.90557235,78400,,,,,
1.9266355,2.1168363,0.91014856,78450,,,,,
1.8459377,2.0598202,0.8961645,78500,,,,,
2.1610546,2.3972948,0.9014555,78550,,,,,
1.9540927,2.2943563,0.85169536,78600,,,,,
1.9263977,2.2652926,0.8503968,78650,,,,,
2.5657911,2.8126533,0.9122316,78700,,,,,
2.1512976,2.3617208,0.91090256,78750,,,,,
1.8375969,2.0182118,0.91050744,78800,,,,,
1.802272,1.9869338,0.90706193,78850,,,,,
1.9229138,2.1544015,0.89255124,78900,,,,,
1.9907817,2.309255,0.8620883,78950,,,,,
1.9910427,2.2591357,0.8813294,79000,,,,,
2.0011854,2.3165333,0.86387074,79050,,,,,
1.9299525,2.1897125,0.8813726,79100,,,,,
2.1699305,2.4351695,0.89107984,79150,,,,,
1.7847496,2.0722558,0.8612593,79200,,,,,
2.0111818,2.2045844,0.9122726,79250,,,,,
2.1435885,2.4187517,0.8862375,79300,,,,,
2.4790714,2.7558963,0.89955175,79350,,,,,
1.6688728,1.9342306,0.86280966,79400,,,,,
1.8847005,2.1533718,0.8752323,79450,,,,,
2.3611684,2.64767,0.89179105,79500,,,,,
1.8692551,2.1278937,0.87845325,79550,,,,,
2.477295,2.7064614,0.9153262,79600,,,,,
1.8657639,2.159313,0.86405444,79650,,,,,
2.3860974,2.6148129,0.91253084,79700,,,,,
1.8574352,2.0802708,0.8928815,79750,,,,,
1.8141879,2.0484705,0.8856305,79800,,,,,
2.1392097,2.4522338,0.87235147,79850,,,,,
1.9162049,2.2245219,0.8614008,79900,,,,,
2.0883815,2.3484173,0.88927186,79950,,,,,
1.8676639,2.1563444,0.866125,80000,,,,,
,,,80000,0.08145045645646751,,,,
,,,80000,,-0.29889756,,,
,,,80000,,,92.0,,
,,,80000,,,,6.223860394209623,
2.0802917,2.4224286,0.85876286,80050,,,,,
1.9884636,2.266715,0.87724465,80100,,,,,
1.7542164,2.0139396,0.87103724,80150,,,,,
1.8062937,2.062749,0.87567306,80200,,,,,
1.8397307,2.0689867,0.88919413,80250,,,,,
2.2385185,2.5120745,0.89110357,80300,,,,,
1.6918684,1.9103779,0.88561976,80350,,,,,
1.9606744,2.266252,0.86516166,80400,,,,,
2.0960295,2.4344115,0.8610005,80450,,,,,
2.19422,2.5117116,0.87359554,80500,,,,,
2.1669762,2.39731,0.9039199,80550,,,,,
1.8046576,2.034334,0.8871,80600,,,,,
2.2198124,2.4364448,0.9110867,80650,,,,,
2.2764988,2.5259092,0.9012591,80700,,,,,
1.7563922,1.9670601,0.8929022,80750,,,,,
2.0020227,2.2896128,0.87439364,80800,,,,,
2.0657115,2.2759395,0.90763026,80850,,,,,
1.7200416,1.8556054,0.9269437,80900,,,,,
1.8270006,2.133571,0.85631114,80950,,,,,
1.9883127,2.1951513,0.9057748,81000,,,,,
1.7927885,2.0040643,0.8945763,81050,,,,,
2.0222049,2.2138548,0.9134316,81100,,,,,
1.7945813,2.0951319,0.8565482,81150,,,,,
2.4125082,2.808849,0.85889566,81200,,,,,
2.15818,2.4380362,0.8852125,81250,,,,,
2.0928931,2.3729095,0.8819945,81300,,,,,
2.054664,2.3831189,0.86217433,81350,,,,,
1.9595394,2.1746747,0.9010724,81400,,,,,
1.8834934,2.0804014,0.905351,81450,,,,,
2.0135088,2.2942276,0.87764126,81500,,,,,
1.9900618,2.2131076,0.899216,81550,,,,,
2.0075989,2.3451505,0.85606396,81600,,,,,
1.9810961,2.186607,0.90601385,81650,,,,,
2.0473523,2.2714646,0.90133584,81700,,,,,
1.9791265,2.2580848,0.87646246,81750,,,,,
2.068278,2.2769938,0.9083372,81800,,,,,
2.1010294,2.3174376,0.90661746,81850,,,,,
1.9349864,2.1773221,0.8887001,81900,,,,,
2.2596827,2.4882398,0.90814507,81950,,,,,
1.9080327,2.1226869,0.8988762,82000,,,,,
1.9189928,2.1483262,0.89325017,82050,,,,,
1.7151226,2.0045674,0.85560733,82100,,,,,
2.370782,2.6100478,0.90832895,82150,,,,,
1.8321428,2.1270795,0.86134195,82200,,,,,
1.989378,2.2561893,0.8817425,82250,,,,,
1.7602786,2.0219474,0.87058574,82300,,,,,
1.658281,1.91366,0.86654943,82350,,,,,
1.9829906,2.282239,0.8688795,82400,,,,,
1.6956667,1.9244615,0.88111234,82450,,,,,
2.1191602,2.384768,0.8886232,82500,,,,,
1.8205044,2.0420032,0.89152867,82550,,,,,
1.9680829,2.2173586,0.88757986,82600,,,,,
2.2012503,2.4678578,0.891968,82650,,,,,
1.9961447,2.1928296,0.91030544,82700,,,,,
2.2021985,2.5178225,0.87464404,82750,,,,,
1.953662,2.1759183,0.8978563,82800,,,,,
1.7945273,2.084007,0.86109465,82850,,,,,
2.2036777,2.4819202,0.88789225,82900,,,,,
1.8276744,2.1276336,0.8590175,82950,,,,,
2.0722637,2.3665009,0.8756657,83000,,,,,
1.793133,2.130613,0.84160423,83050,,,,,
2.0699987,2.3640392,0.8756195,83100,,,,,
1.8082802,2.1714294,0.83276033,83150,,,,,
2.014842,2.2555735,0.89327264,83200,,,,,
1.7427542,1.9934611,0.8742354,83250,,,,,
2.0398445,2.2818067,0.8939603,83300,,,,,
1.7014053,1.9949313,0.852864,83350,,,,,
1.9045897,2.2147696,0.85994935,83400,,,,,
2.1795487,2.479777,0.8789293,83450,,,,,
1.9890717,2.2073674,0.9011059,83500,,,,,
1.7462685,2.0464509,0.8533156,83550,,,,,
2.0677466,2.358853,0.87658983,83600,,,,,
1.7921431,2.0847654,0.8596378,83650,,,,,
1.97139,2.1652982,0.9104473,83700,,,,,
1.7736647,1.9685007,0.9010232,83750,,,,,
2.0861402,2.410595,0.8654047,83800,,,,,
1.8676108,2.1339352,0.8751956,83850,,,,,
2.12182,2.408817,0.88085556,83900,,,,,
1.779597,2.0696373,0.85985935,83950,,,,,
6.035843,6.300109,0.9580537,84000,,,,,
2.1521502,2.4329185,0.88459605,84050,,,,,
1.6996219,1.9550586,0.8693458,84100,,,,,
1.7223134,1.9630628,0.87736034,84150,,,,,
2.1803422,2.4274998,0.8981843,84200,,,,,
1.8525481,2.0968866,0.8834756,84250,,,,,
1.8289587,2.1695228,0.84302354,84300,,,,,
2.013677,2.2602289,0.89091724,84350,,,,,
1.8291075,2.1077104,0.86781734,84400,,,,,
2.1720662,2.431059,0.8934651,84450,,,,,
2.246097,2.4939613,0.9006142,84500,,,,,
1.6951016,1.9558635,0.8666769,84550,,,,,
1.8205976,2.096715,0.86830956,84600,,,,,
1.7379637,2.0597315,0.84378165,84650,,,,,
2.2237253,2.4114194,0.9221645,84700,,,,,
2.304387,2.5110998,0.9176804,84750,,,,,
1.6568727,1.909363,0.867762,84800,,,,,
2.314468,2.5636773,0.9027922,84850,,,,,
1.8620474,2.187862,0.85108083,84900,,,,,
1.8913782,2.1876073,0.8645876,84950,,,,,
2.0640697,2.342647,0.8810844,85000,,,,,
1.6934295,1.8618138,0.90955895,85050,,,,,
1.958043,2.206904,0.8872352,85100,,,,,
1.9812915,2.2768958,0.87017226,85150,,,,,
2.0455582,2.3392806,0.874439,85200,,,,,
1.8348684,2.0959458,0.87543696,85250,,,,,
1.9411325,2.2544305,0.8610301,85300,,,,,
1.9301326,2.3195388,0.83211917,85350,,,,,
2.083218,2.4168656,0.86195034,85400,,,,,
2.131246,2.403274,0.8868094,85450,,,,,
1.9677944,2.243589,0.8770744,85500,,,,,
1.8944218,2.1372676,0.8863756,85550,,,,,
1.8553542,2.0824914,0.89093006,85600,,,,,
2.1409457,2.3587236,0.9076713,85650,,,,,
1.9310818,2.2116015,0.8731599,85700,,,,,
1.7976952,2.0358758,0.8830083,85750,,,,,
1.9463041,2.2713852,0.85687983,85800,,,,,
1.854551,2.1547484,0.86068094,85850,,,,,
1.9803993,2.2043064,0.8984229,85900,,,,,
2.1852818,2.385715,0.9159861,85950,,,,,
1.779577,1.9552723,0.9101428,86000,,,,,
1.8621904,2.1147687,0.8805646,86050,,,,,
1.7913101,2.14164,0.8364198,86100,,,,,
1.9729755,2.335313,0.8448441,86150,,,,,
2.0167909,2.264419,0.89064384,86200,,,,,
1.8942788,2.1866803,0.8662806,86250,,,,,
1.9550438,2.1813915,0.896237,86300,,,,,
1.7411385,1.9942037,0.87309957,86350,,,,,
2.0180702,2.2444856,0.89912367,86400,,,,,
2.1124253,2.3588655,0.895526,86450,,,,,
1.9000795,2.2022233,0.8628006,86500,,,,,
2.3670738,2.5947003,0.9122725,86550,,,,,
2.1574478,2.4154742,0.89317775,86600,,,,,
1.8709347,2.0899844,0.8951908,86650,,,,,
1.8635995,2.1632276,0.8614903,86700,,,,,
1.9964261,2.3163667,0.8618783,86750,,,,,
1.9515508,2.2227595,0.87798566,86800,,,,,
1.9201212,2.1405106,0.89703894,86850,,,,,
2.0179992,2.3566847,0.8562873,86900,,,,,
2.4021065,2.6952307,0.89124334,86950,,,,,
1.7981975,2.0437722,0.8798424,87000,,,,,
1.8141224,2.1313312,0.8511687,87050,,,,,
2.0966845,2.3085408,0.90822935,87100,,,,,
1.9269469,2.1664824,0.88943565,87150,,,,,
2.2354572,2.4185486,0.924297,87200,,,,,
1.9569798,2.2484064,0.8703852,87250,,,,,
2.0408373,2.2472486,0.9081493,87300,,,,,
1.9200397,2.1065013,0.91148275,87350,,,,,
2.2142148,2.4129105,0.91765314,87400,,,,,
1.779508,2.0499444,0.86807626,87450,,,,,
1.7256001,2.0658033,0.8353168,87500,,,,,
1.7979552,2.0822947,0.8634489,87550,,,,,
1.9684243,2.2154944,0.88848084,87600,,,,,
2.0014465,2.221519,0.900936,87650,,,,,
1.8008122,1.9997427,0.90052193,87700,,,,,
1.8770045,2.1228845,0.88417643,87750,,,,,
1.8131288,2.0207014,0.89727694,87800,,,,,
1.9425888,2.242116,0.8664087,87850,,,,,
1.9021007,2.215167,0.8586714,87900,,,,,
1.8064922,2.086934,0.86562014,87950,,,,,
1.9125521,2.146644,0.8909498,88000,,,,,
2.1382093,2.4380271,0.8770245,88050,,,,,
1.7309234,2.0111327,0.8606709,88100,,,,,
2.1887853,2.4216242,0.90385014,88150,,,,,
2.2246292,2.4650815,0.90245664,88200,,,,,
2.0817347,2.3315334,0.8928608,88250,,,,,
1.8639417,2.1321964,0.8741885,88300,,,,,
2.053743,2.312015,0.8882913,88350,,,,,
2.0570297,2.327962,0.8836183,88400,,,,,
1.9011419,2.2554066,0.84292644,88450,,,,,
1.8109213,2.0669055,0.876151,88500,,,,,
1.8226317,2.136463,0.8531071,88550,,,,,
2.0084567,2.2516062,0.8920106,88600,,,,,
2.3611708,2.6403139,0.89427656,88650,,,,,
1.7897197,2.059391,0.8690529,88700,,,,,
2.0953743,2.3970041,0.87416387,88750,,,,,
2.2831025,2.5012374,0.9127892,88800,,,,,
2.380867,2.6508174,0.8981633,88850,,,,,
2.1132271,2.3519087,0.8985158,88900,,,,,
1.9060464,2.194327,0.86862457,88950,,,,,
2.0074499,2.2495384,0.89238304,89000,,,,,
1.9941612,2.2469716,0.88748837,89050,,,,,
2.0864143,2.4275503,0.8594731,89100,,,,,
1.9500444,2.2255557,0.8762057,89150,,,,,
1.8268661,2.1178846,0.86259,89200,,,,,
2.452008,2.684623,0.91335285,89250,,,,,
1.9938946,2.3178773,0.8602244,89300,,,,,
1.9618847,2.2407382,0.8755529,89350,,,,,
1.9276823,2.171455,0.8877377,89400,,,,,
1.9193661,2.2274585,0.8616844,89450,,,,,
2.1050742,2.3508067,0.89546883,89500,,,,,
2.126958,2.3533516,0.9037994,89550,,,,,
1.8101535,2.1126583,0.8568132,89600,,,,,
1.8371565,2.09592,0.87653947,89650,,,,,
1.7358987,2.0002244,0.86785203,89700,,,,,
1.9188917,2.231289,0.85999244,89750,,,,,
1.8884528,2.1183035,0.891493,89800,,,,,
1.9296299,2.19917,0.8774355,89850,,,,,
2.2015722,2.4542797,0.897034,89900,,,,,
2.083539,2.3717723,0.87847346,89950,,,,,
2.1484685,2.4618616,0.87270075,90000,,,,,
,,,90000,0.08820623663440347,,,,
,,,90000,,-0.29150057,,,
,,,90000,,,92.0,,
,,,90000,,,,6.298473279923201,
2.2138731,2.43141,0.9105305,90050,,,,,
1.8596945,2.1108909,0.8809998,90100,,,,,
1.9145639,2.1966684,0.8715762,90150,,,,,
1.7892182,1.9811443,0.90312356,90200,,,,,
1.8452543,2.0582314,0.89652425,90250,,,,,
1.8795233,2.1587932,0.8706361,90300,,,,,
1.9148011,2.1767368,0.8796659,90350,,,,,
2.289149,2.614233,0.8756485,90400,,,,,
1.9207506,2.163786,0.88768053,90450,,,,,
2.2581103,2.505061,0.9014193,90500,,,,,
2.3262098,2.5098362,0.92683727,90550,,,,,
1.9733374,2.2006788,0.8966949,90600,,,,,
1.8119075,2.1603146,0.83872396,90650,,,,,
2.157787,2.3138907,0.9325363,90700,,,,,
1.9949983,2.2539942,0.8850947,90750,,,,,
1.8581202,2.1055524,0.8824858,90800,,,,,
1.9772544,2.211272,0.8941706,90850,,,,,
1.9800315,2.2454748,0.8817874,90900,,,,,
2.015247,2.2351303,0.90162396,90950,,,,,
1.8732637,2.133267,0.87811965,91000,,,,,
1.9027733,2.2136273,0.8595725,91050,,,,,
2.020801,2.1695783,0.9314257,91100,,,,,
2.0702426,2.3195872,0.89250475,91150,,,,,
1.9121665,2.1974869,0.8701606,91200,,,,,
1.5464547,1.7603599,0.8784879,91250,,,,,
2.0023427,2.2837715,0.87677014,91300,,,,,
2.0801077,2.2636387,0.91892207,91350,,,,,
1.8888896,2.1515355,0.87792623,91400,,,,,
2.1783168,2.4840505,0.87692136,91450,,,,,
1.8160441,2.0078793,0.9044588,91500,,,,,
2.5099506,2.813167,0.8922153,91550,,,,,
2.1677396,2.4273157,0.8930604,91600,,,,,
1.8728011,2.1995933,0.85143065,91650,,,,,
2.3949819,2.6859727,0.8916627,91700,,,,,
1.9144106,2.1630998,0.8850311,91750,,,,,
2.1340873,2.4292622,0.87849194,91800,,,,,
1.8388522,2.0642352,0.89081526,91850,,,,,
2.123642,2.4741488,0.8583324,91900,,,,,
2.190957,2.4199114,0.9053873,91950,,,,,
1.8004248,2.0466437,0.87969625,92000,,,,,
1.9145858,2.1460881,0.8921282,92050,,,,,
1.7104129,2.0228992,0.8455255,92100,,,,,
1.8035884,2.136376,0.84422797,92150,,,,,
1.915,2.1920388,0.8736159,92200,,,,,
2.045301,2.3561544,0.86806744,92250,,,,,
2.0224001,2.2715187,0.89032954,92300,,,,,
1.9777356,2.227828,0.8877416,92350,,,,,
1.9572822,2.1686826,0.90252125,92400,,,,,
1.9484825,2.2156007,0.87943757,92450,,,,,
2.0032048,2.2698658,0.88252133,92500,,,,,
1.9869528,2.291676,0.8670304,92550,,,,,
1.9465505,2.1844423,0.89109725,92600,,,,,
1.8375933,2.0846796,0.88147515,92650,,,,,
2.150771,2.3892708,0.9001788,92700,,,,,
2.014436,2.2542355,0.8936227,92750,,,,,
1.955285,2.283855,0.85613364,92800,,,,,
1.7821865,2.0900886,0.8526846,92850,,,,,
1.9044194,2.2169306,0.85903424,92900,,,,,
2.6011605,2.9127288,0.8930322,92950,,,,,
2.0584648,2.3411617,0.8792493,93000,,,,,
1.9110905,2.1650133,0.88271534,93050,,,,,
1.8805066,2.0469174,0.91870177,93100,,,,,
2.054981,2.323872,0.88429177,93150,,,,,
2.0958583,2.4006758,0.8730285,93200,,,,,
1.9901097,2.285013,0.8709402,93250,,,,,
1.9317982,2.249176,0.8588915,93300,,,,,
1.988136,2.258486,0.8802959,93350,,,,,
1.7196398,1.9408164,0.88603944,93400,,,,,
2.077911,2.3311543,0.89136565,93450,,,,,
1.6957853,1.9836297,0.85489,93500,,,,,
1.9849987,2.3687298,0.8380013,93550,,,,,
2.0403767,2.2875686,0.89194125,93600,,,,,
1.8570032,2.139253,0.86806154,93650,,,,,
2.218925,2.4796195,0.8948651,93700,,,,,
1.7973168,2.1320698,0.84299153,93750,,,,,
1.8207731,2.1855507,0.8330958,93800,,,,,
1.8689041,2.20345,0.8481718,93850,,,,,
2.2420187,2.5031505,0.89567876,93900,,,,,
2.091472,2.3848534,0.8769813,93950,,,,,
1.777348,1.9887378,0.8937065,94000,,,,,
1.8793597,2.1263943,0.88382465,94050,,,,,
2.1199582,2.3366125,0.9072785,94100,,,,,
1.9204202,2.2104652,0.86878556,94150,,,,,
2.1472316,2.4381416,0.8806838,94200,,,,,
1.8479974,2.076451,0.88997877,94250,,,,,
1.9829279,2.2017426,0.9006175,94300,,,,,
2.0579426,2.289507,0.8988584,94350,,,,,
1.8870047,2.1687622,0.87008375,94400,,,,,
1.645962,1.9507192,0.8437718,94450,,,,,
1.9872177,2.2596948,0.8794186,94500,,,,,
2.0365283,2.3523052,0.86575854,94550,,,,,
1.9298877,2.3047512,0.83735186,94600,,,,,
1.8417449,2.0839996,0.8837549,94650,,,,,
1.6119826,1.8550501,0.86896986,94700,,,,,
1.8257847,2.0563464,0.88787794,94750,,,,,
1.860217,2.1374333,0.8703041,94800,,,,,
2.197553,2.398453,0.91623765,94850,,,,,
2.1035852,2.3466187,0.8964325,94900,,,,,
1.831944,2.028969,0.90289396,94950,,,,,
1.8254497,2.070611,0.88159955,95000,,,,,
1.8151834,2.092317,0.86754704,95050,,,,,
1.6072211,1.8279525,0.8792467,95100,,,,,
2.0647779,2.3596313,0.87504256,95150,,,,,
1.9301558,2.144678,0.8999746,95200,,,,,
1.7066936,1.981441,0.8613396,95250,,,,,
2.1950293,2.439388,0.8998279,95300,,,,,
2.1515357,2.4246893,0.8873449,95350,,,,,
1.8249495,2.117002,0.8620443,95400,,,,,
1.95109,2.2252421,0.876799,95450,,,,,
1.7605743,2.0854216,0.8442295,95500,,,,,
2.2049212,2.4876935,0.88633156,95550,,,,,
2.2608392,2.5061545,0.90211487,95600,,,,,
1.9313653,2.2767768,0.84828925,95650,,,,,
1.8128731,2.0901546,0.8673392,95700,,,,,
1.8875939,2.172112,0.86901313,95750,,,,,
1.9001627,2.1662583,0.87716347,95800,,,,,
1.9346749,2.262865,0.85496694,95850,,,,,
1.9380984,2.1768157,0.89033645,95900,,,,,
1.8563998,2.0267918,0.91593015,95950,,,,,
1.8510966,2.1387272,0.8655132,96000,,,,,
2.0020666,2.2998083,0.8705363,96050,,,,,
2.1180646,2.3711374,0.8932695,96100,,,,,
2.0689902,2.467279,0.83857167,96150,,,,,
1.7615743,2.018784,0.87259173,96200,,,,,
1.9230831,2.1900153,0.87811404,96250,,,,,
1.9525859,2.20376,0.88602483,96300,,,,,
2.3134022,2.522872,0.9169717,96350,,,,,
2.4032388,2.5656414,0.936701,96400,,,,,
1.9262135,2.2355728,0.86161965,96450,,,,,
2.3590734,2.5817485,0.9137503,96500,,,,,
1.9914844,2.2267528,0.8943446,96550,,,,,
2.0813105,2.3846555,0.87279296,96600,,,,,
2.0696628,2.2659287,0.9133839,96650,,,,,
1.8632426,2.172538,0.857634,96700,,,,,
2.1330247,2.4173594,0.882378,96750,,,,,
2.968069,3.1835468,0.93231523,96800,,,,,
1.8275203,2.1113827,0.8655561,96850,,,,,
1.9782579,2.3015113,0.8595474,96900,,,,,
2.1960275,2.4750555,0.887264,96950,,,,,
1.9783273,2.2645857,0.8735934,97000,,,,,
2.3571675,2.6342664,0.89480984,97050,,,,,
1.8424135,2.1587772,0.8534524,97100,,,,,
2.0502915,2.265285,0.90509206,97150,,,,,
1.9316909,2.2648432,0.8529027,97200,,,,,
1.8229433,2.041982,0.8927323,97250,,,,,
2.1253881,2.324539,0.9143267,97300,,,,,
2.1627162,2.3946638,0.90313977,97350,,,,,
2.0495672,2.2527232,0.9098176,97400,,,,,
1.9089572,2.2242417,0.8582508,97450,,,,,
2.0025542,2.2653627,0.88398826,97500,,,,,
1.6024785,1.8654529,0.8590292,97550,,,,,
1.7583195,2.0213537,0.8698722,97600,,,,,
1.9636257,2.1941438,0.8949394,97650,,,,,
2.0601082,2.3187642,0.8884509,97700,,,,,
1.7973415,2.0754693,0.8659928,97750,,,,,
1.7476597,2.0527637,0.85136914,97800,,,,,
1.9267477,2.220542,0.86769253,97850,,,,,
2.0494843,2.3550892,0.8702364,97900,,,,,
1.8565347,2.063736,0.89959896,97950,,,,,
1.8935828,2.2112286,0.85634875,98000,,,,,
1.8704476,2.102909,0.88945717,98050,,,,,
2.073277,2.325682,0.89147055,98100,,,,,
1.6412789,1.9335254,0.848853,98150,,,,,
1.8789614,2.0806189,0.9030782,98200,,,,,
2.113247,2.3795035,0.88810414,98250,,,,,
2.030751,2.293665,0.88537383,98300,,,,,
1.866258,2.1077852,0.88541186,98350,,,,,
1.9341847,2.2436185,0.86208266,98400,,,,,
1.9107711,2.1587386,0.8851332,98450,,,,,
1.9345088,2.1802287,0.8872963,98500,,,,,
2.0140138,2.2891407,0.8798122,98550,,,,,
1.8567073,2.1484783,0.8641964,98600,,,,,
1.712594,2.0129504,0.850788,98650,,,,,
1.718797,1.9548709,0.8792381,98700,,,,,
1.9564886,2.2123322,0.88435566,98750,,,,,
1.9359021,2.1722496,0.8911969,98800,,,,,
2.4301093,2.6218944,0.92685246,98850,,,,,
2.048272,2.3526616,0.870619,98900,,,,,
3.0845313,3.3593268,0.9181992,98950,,,,,
1.850188,2.0713782,0.8932159,99000,,,,,
2.0079942,2.2746387,0.882775,99050,,,,,
2.1025753,2.3516412,0.8940885,99100,,,,,
2.1600542,2.4189792,0.892961,99150,,,,,
1.6933792,1.9925606,0.8498507,99200,,,,,
2.5107882,2.7213416,0.9226289,99250,,,,,
2.4291975,2.785891,0.8719643,99300,,,,,
1.6961625,1.9942198,0.8505393,99350,,,,,
2.389271,2.6929793,0.8872222,99400,,,,,
2.206573,2.3990464,0.9197709,99450,,,,,
1.9142071,2.1479251,0.8911889,99500,,,,,
2.008053,2.2855659,0.87858033,99550,,,,,
1.8530749,2.115214,0.87606966,99600,,,,,
2.0958037,2.4322026,0.8616896,99650,,,,,
1.9332904,2.1592906,0.8953359,99700,,,,,
1.9319712,2.139344,0.9030671,99750,,,,,
2.0171657,2.3069754,0.8743768,99800,,,,,
2.024611,2.2251277,0.9098853,99850,,,,,
1.874269,2.1890123,0.8562168,99900,,,,,
1.789278,1.9965549,0.8961828,99950,,,,,
,,,99999,,,,,7611.395523060113
