scope,bin_index,time_lower,time_upper,time_center,count,bandwidth,rmse,relative_rmse,cosine_similarity,sigma_weighted_rmse,sigma_weighted_relative_rmse,sigma_weighted_cosine_similarity,effective_neighbor_count_mean,effective_neighbor_count_min,effective_neighbor_count_p10,raw_teacher_oracle_mse,rao_blackwell_oracle_mse,variance_reduction_fraction,raw_teacher_oracle_sigma_weighted_mse,rao_blackwell_oracle_sigma_weighted_mse,sigma_weighted_variance_reduction_fraction
overall,-1,0.0010431334376335144,0.999502420425415,0.5002727769315243,4096,"space=0.3,time=0.06",18.454355691949814,1.041157622902804,0.6666530155669117,0.6098927376369834,0.7828613356195016,0.6354426903867878,91.18971007625053,2.8824696428406513,49.236092327515905,484.3669882926107,340.5632440050005,0.2968900601619202,3.1376174860604644,0.17119432846962934,0.9454381138922836
time_bin,0,0.001,0.1009,0.05095,387,"space=0.3,time=0.06",59.958496551704265,1.0430847286550977,0.19659172391143825,10.173605228319936,1.1573947823314714,0.30875130053288385,107.5723387815018,2.8824696428406513,40.47885831856432,5038.777684224456,3595.021308740732,0.28652908819752276,1.2686373564542217,0.9046319308611096,0.28692630787826245
time_bin,1,0.1009,0.2008,0.15085,408,"space=0.3,time=0.06",2.7084958339823295,0.7431628347516275,0.7418624914580888,2.3495372441953357,0.6803833874511633,0.7782338874409803,130.84421615299377,7.140895126459195,59.69316070603164,29.135432473369153,7.335949682699636,0.7482120889440347,1.3839568127710635,0.3073090768324145,0.7779489419206758
time_bin,2,0.2008,0.3007,0.25075000000000003,409,"space=0.3,time=0.06",0.9482068815834541,0.4747264347400195,0.854158372181238,0.9100784833252618,0.4721585797664409,0.8528177438261966,108.21361157916326,23.113047144816854,51.033406879331054,11.464425702032566,0.8990962902822185,0.9215751130613925,1.6317142109273448,0.12131808155833904,0.9256499207996172
time_bin,3,0.3007,0.4006,0.35065,391,"space=0.3,time=0.06",0.49618604122285803,0.4032655615756749,0.8849400948710454,0.4828222960524178,0.3995946971589289,0.8867259542940585,97.78826422360792,18.910890133027756,48.351394513076684,6.776879519213788,0.24620058750441176,0.9636705084629158,1.786494945649237,0.0622685836058766,0.9651448309949202
time_bin,4,0.4006,0.5005,0.45055,408,"space=0.3,time=0.06",0.3062850886184418,0.38142152365122634,0.9097236796051871,0.30426456486707676,0.3835157841108985,0.9097904432826186,89.48258845596716,24.775027754579703,53.834060825504466,4.999888017957758,0.09381055551000672,0.9812374687222097,2.003217427381157,0.03660685561858213,0.9817259699643794
time_bin,5,0.5005,0.6004,0.55045,409,"space=0.3,time=0.06",0.25233133139261643,0.4777579284927481,0.8481868200202224,0.2522852427619171,0.48063820903554266,0.8473572878604897,84.10701331369648,35.570399315372164,49.929571158917234,5.251211712854685,0.06367110080237041,0.987874969785496,2.7971978734636727,0.03386320836350903,0.9878938817436907
time_bin,6,0.6004,0.7003,0.65035,447,"space=0.3,time=0.06",0.2538671119753778,0.681136925618815,0.7742801748557586,0.25360795611744663,0.6832813343699365,0.7738844721723139,84.96352858133109,41.44303601941153,57.094085410757124,4.6527879773338405,0.06444851054271901,0.9861484102180961,3.0524313039322175,0.041937619860963456,0.9862609128436248
time_bin,7,0.7003,0.8002,0.7502500000000001,417,"space=0.3,time=0.06",0.28203844596714106,1.1027404942068055,0.628791880110477,0.28276270516436974,1.10985061606752,0.6244949725120235,82.07018634764196,43.379152150379554,58.02062131476231,5.667762624426995,0.07954568500355995,0.9859652405835796,4.284009246823156,0.06032426713554896,0.9859187355770834
time_bin,8,0.8002,0.9001,0.85015,398,"space=0.3,time=0.06",0.29237511251686826,1.6566547232005202,0.5042330238198247,0.2919316877277296,1.6599314351579342,0.5034199605334334,75.49144278890743,46.335627713934706,60.62211252228916,6.81765983472063,0.08548320641925139,0.987461503159996,5.71281272488304,0.07110479822831835,0.9875534519459837
time_bin,9,0.9001,1.0,0.9500500000000001,422,"space=0.3,time=0.06",0.3656492665545383,3.3248705125655653,0.30667687313428454,0.36672854014535744,3.3412248371804383,0.304818697218653,54.14055681992362,30.293014735460986,41.053458284188814,8.032872137519055,0.1336993861318718,0.9833559673705046,7.213836010480064,0.1203424236781209,0.9833178321025777
overall,-1,0.0010431334376335144,0.999502420425415,0.5002727769315243,4096,"space=0.3,time=0.1",18.112073349326604,1.0218467417126986,0.7130539347628111,0.6411221976500666,0.82294762500744,0.721430816952429,143.18593382390782,5.235101822174182,76.42485359487141,484.3669882926107,328.04720101138696,0.3227300601946931,3.1376174860604644,0.18917514535657576,0.9397073908485974
time_bin,0,0.001,0.1009,0.05095,387,"space=0.3,time=0.1",58.77731082862498,1.0225359013777664,0.18933769140065237,10.294911996380911,1.1711951822157172,0.2733734073077212,149.18182201935423,5.235101822174182,60.34544166131003,5038.777684224456,3454.772268244795,0.3143630291421201,1.2686373564542217,0.9263336213337431,0.2698200085948915
time_bin,1,0.1009,0.2008,0.15085,408,"space=0.3,time=0.1",3.86622728406248,1.0608236468997663,0.64115913604406,3.34155109835301,0.9676526138308619,0.6834798568004973,187.19459534646987,15.419857709046953,87.46918972231225,29.135432473369153,14.94771341202914,0.48695755861659273,1.3839568127710635,0.6215941719019847,0.550857250981731
time_bin,2,0.2008,0.3007,0.25075000000000003,409,"space=0.3,time=0.1",0.9594026288061532,0.4803316642173745,0.8494699605974354,0.9057184258598814,0.46989653470299514,0.8574597521457843,178.7593464634806,36.80740311916994,89.2633955217596,11.464425702032566,0.9204534041601575,0.9197122099893683,1.6317142109273448,0.12015843050545812,0.9263606157473034
time_bin,3,0.3007,0.4006,0.35065,391,"space=0.3,time=0.1",0.43543876865179393,0.35389439642321147,0.9234608713742205,0.42223136236091624,0.3494482644092621,0.9244694918306771,162.55793945067495,32.65200320823605,80.77354156968013,6.776879519213788,0.1896069212449905,0.9720215003929711,1.786494945649237,0.04762065123080511,0.9733440886131699
time_bin,4,0.4006,0.5005,0.45055,408,"space=0.3,time=0.1",0.25121003830960936,0.31283571786251463,0.9400055100314881,0.24827137882389527,0.31293815815698706,0.9416447607127653,149.96853850853475,42.9982944929278,88.28497149364549,4.999888017957758,0.06310648334751541,0.9873784206776943,2.003217427381157,0.024373224307994042,0.9878329611887476
time_bin,5,0.5005,0.6004,0.55045,409,"space=0.3,time=0.1",0.18532401899451215,0.3508879334409902,0.9278510746080146,0.18513060413593513,0.3526993534597486,0.9274652270358797,140.94072247181134,54.61612876293594,79.20288740567933,5.251211712854685,0.034344992016278296,0.9934596063101399,2.7971978734636727,0.018234793292054463,0.9934810499465004
time_bin,6,0.6004,0.7003,0.65035,447,"space=0.3,time=0.1",0.1948387758949819,0.5227612343000648,0.8651094347985919,0.19504019658936997,0.5254855873671525,0.8645828234788159,138.7661428992226,62.48240445078822,94.67468937427807,4.6527879773338405,0.03796214859225499,0.9918409889520867,3.0524313039322175,0.024804260446609917,0.9918739333024806
time_bin,7,0.7003,0.8002,0.7502500000000001,417,"space=0.3,time=0.1",0.2058666034713179,0.804916646289727,0.7682309944691034,0.20645520162553835,0.810341776088371,0.7646284685951151,133.71359883948108,78.649766742473,98.15620676932006,5.667762624426995,0.04238105842481685,0.9925224358960647,4.284009246823156,0.032158772064091436,0.9924933000523115
time_bin,8,0.8002,0.9001,0.85015,398,"space=0.3,time=0.1",0.24526231192709208,1.3897043560903444,0.5824740253884879,0.2454266180225407,1.395502356907785,0.5809142017099895,114.3038135696709,73.74232932379101,90.61091429388405,6.81765983472063,0.06015360165182221,0.9911767962875996,5.71281272488304,0.050255055619882964,0.9912030976767329
time_bin,9,0.9001,1.0,0.9500500000000001,422,"space=0.3,time=0.1",0.29538732347586466,2.68597448824386,0.4156437117489191,0.29604164632296487,2.6972040440103693,0.4142525879196614,79.61190591445718,44.51770479814732,62.70060398764929,8.032872137519055,0.08725367087023511,0.9891379236133886,7.213836010480064,0.07842146587488776,0.9891290201700941
overall,-1,0.0010431334376335144,0.999502420425415,0.5002727769315243,4096,"space=0.3,time=0.15",17.978381401901597,1.014304110991487,0.7396984724353761,0.690799699014861,0.886713911550486,0.7877610097466032,199.3372994451055,11.999081850332619,107.73246223976793,484.3669882926107,323.22219783224125,0.33269152184602113,3.1376174860604644,0.21962750509119006,0.9300018229223446
time_bin,0,0.001,0.1009,0.05095,387,"space=0.3,time=0.15",58.29060831264352,1.0140688451469537,0.19126316918827194,9.90210383834074,1.1265075712489203,0.2661931567020879,194.35892646889852,11.999081850332619,85.55360973238803,5038.777684224456,3397.7950174580255,0.325670781608565,1.2686373564542217,0.8569926605535277,0.3244778348687777
time_bin,1,0.1009,0.2008,0.15085,408,"space=0.3,time=0.15",4.400050574896892,1.2072952142898647,0.5768732924107698,3.964426352413298,1.1480259943184663,0.6099626577939655,233.921122744537,31.863801684114478,114.66675399363291,29.135432473369153,19.36044506165047,0.3355017100672304,1.3839568127710635,0.8749262147894615,0.3678081567330852
time_bin,2,0.2008,0.3007,0.25075000000000003,409,"space=0.3,time=0.15",1.4663921894221439,0.7341595484441937,0.7759202398641732,1.396683514607098,0.7246145433859236,0.7837876753111079,244.14084935348916,60.2292080279568,126.34584463469008,11.464425702032566,2.1503060531982685,0.81243665341724,1.6317142109273448,0.2857352724877307,0.8248864483602159
time_bin,3,0.3007,0.4006,0.35065,391,"space=0.3,time=0.15",0.4788458358118092,0.38917264663657153,0.9158667474207947,0.46247301753635917,0.38275317212474874,0.917063443850851,239.05260570833983,56.48241943013006,119.29552794238434,6.776879519213788,0.22929333447431013,0.9661653518428546,1.786494945649237,0.057130385154498406,0.9680209647534457
time_bin,4,0.4006,0.5005,0.45055,408,"space=0.3,time=0.15",0.2311899170362875,0.28790435344579784,0.9393153662539411,0.22719682283620646,0.2863743521878679,0.9420352360991424,225.9444748790255,65.97169201857118,133.32606381275573,4.999888017957758,0.0534487777392455,0.9893100050560378,2.003217427381157,0.02041099520225928,0.9898108938044474
time_bin,5,0.5005,0.6004,0.55045,409,"space=0.3,time=0.15",0.1584417003748574,0.2999896134189523,0.9605415803299302,0.1585096872645523,0.30198283247790014,0.9597973021188989,209.4906348594329,79.08540064122221,118.02816206441018,5.251211712854685,0.025103772417676088,0.9952194324391039,2.7971978734636727,0.013367679548751024,0.9952210461663161
time_bin,6,0.6004,0.7003,0.65035,447,"space=0.3,time=0.15",0.16926698545472932,0.4541509657721288,0.9176445294655878,0.16956978559068522,0.4568621234957255,0.9168649803751348,201.96902155387485,94.1973325788151,134.33407939690193,4.6527879773338405,0.02865131236493155,0.9938421195113708,3.0524313039322175,0.01874886460612923,0.9938577276020746
time_bin,7,0.7003,0.8002,0.7502500000000001,417,"space=0.3,time=0.15",0.16991804888226175,0.6643615999107855,0.8564449408625416,0.1703453853747728,0.6686098535963273,0.8545981680627107,185.02687211755665,111.62426094996601,135.97828991656186,5.667762624426995,0.028872143335954698,0.9949059011115639,4.284009246823156,0.02189316473700007,0.9948895617575684
time_bin,8,0.8002,0.9001,0.85015,398,"space=0.3,time=0.15",0.2170969219747301,1.2301137332986287,0.7078709883314558,0.2174138444653123,1.2362209723635624,0.7057851883577552,150.47014472061318,93.95786225146904,114.41126657078414,6.81765983472063,0.04713107353090205,0.9930869133097923,5.71281272488304,0.03943763139196734,0.9930966350163805
time_bin,9,0.9001,1.0,0.9500500000000001,422,"space=0.3,time=0.15",0.25564979940588156,2.324638820138685,0.5208697697075864,0.2560833135048061,2.333147911342222,0.5196911317480003,112.12129945929313,63.78202585704744,87.4124564768469,8.032872137519055,0.06535681993626749,0.99186382918388,7.213836010480064,0.058680241933828335,0.9918655980303357
overall,-1,0.0010431334376335144,0.999502420425415,0.5002727769315243,4096,"space=0.4,time=0.06",18.225775330111784,1.0282615787305673,0.6869099338305243,0.5908200170281046,0.7583794970791454,0.6952415346356461,147.49534500091028,13.777270241282196,85.44934176713444,484.3669882926107,332.1788863837113,0.31419998801367344,3.1376174860604644,0.1606544835766185,0.9487973012075777
time_bin,0,0.001,0.1009,0.05095,387,"space=0.4,time=0.06",59.20179877495672,1.0299206244742667,0.15238799632409647,9.59176649783939,1.0912022089316329,0.2483718342007796,149.073515293126,13.777270241282196,64.0856356808988,5038.777684224456,3504.852978190467,0.30442396989321396,1.2686373564542217,0.8041171885609963,0.36615678378726624
time_bin,1,0.1009,0.2008,0.15085,408,"space=0.4,time=0.06",2.8972593730235743,0.7949561751775505,0.6783550972085488,2.614925558372352,0.7572350315933492,0.7107319862946161,194.51723033621366,37.437184197616546,99.57580644244271,29.135432473369153,8.394111874572955,0.7118933491251791,1.3839568127710635,0.3806531081761557,0.7249530462850834
time_bin,2,0.2008,0.3007,0.25075000000000003,409,"space=0.4,time=0.06",1.1571807409783716,0.5793506651176178,0.7836238637399437,1.104212789573077,0.572877561701927,0.7815331843674482,173.5474375338974,46.484425825126394,93.86892525079942,11.464425702032566,1.3390672672912534,0.8831980510034771,1.6317142109273448,0.17859668229644568,0.89054659204052
time_bin,3,0.3007,0.4006,0.35065,391,"space=0.4,time=0.06",0.5583673567628019,0.4538022172803186,0.855596610154047,0.540684041279503,0.4474823915552831,0.8598357836001551,161.93621807344678,44.13296748154198,88.44841741349764,6.776879519213788,0.3117741050982781,0.9539944448246008,1.786494945649237,0.07808748860624892,0.9562901152565131
time_bin,4,0.4006,0.5005,0.45055,408,"space=0.4,time=0.06",0.28752339230095536,0.3580572951542521,0.9342753540336267,0.28283836577511334,0.35650874321916526,0.9348496942052194,150.03772617807914,56.957360579182215,91.79260540529057,4.999888017957758,0.08266970112024907,0.9834656894998475,2.003217427381157,0.03163270356147231,0.9842090514133971
time_bin,5,0.5005,0.6004,0.55045,409,"space=0.4,time=0.06",0.19350625767196133,0.3663799826423196,0.8971649254490133,0.19307250413784693,0.36782976914109927,0.8969874822830854,142.906757704692,69.30725893041311,89.92449778352113,5.251211712854685,0.037444671758207496,0.9928693273601523,2.7971978734636727,0.019832856364505838,0.9929097413945032
time_bin,6,0.6004,0.7003,0.65035,447,"space=0.4,time=0.06",0.18586801119020424,0.49869226749331014,0.8471822500379164,0.1857930511143595,0.5005715350006249,0.8465123637620855,144.30911529905808,70.3402765548553,102.74195784974543,4.6527879773338405,0.034546917583801885,0.9925750071402677,3.0524313039322175,0.02250800300313582,0.9926262049205161
time_bin,7,0.7003,0.8002,0.7502500000000001,417,"space=0.4,time=0.06",0.21682393766917427,0.8477586641114427,0.7287346247040408,0.2175630378830164,0.8539403083147934,0.7250582522894328,139.78208397852643,83.1352858081056,104.62200574971878,5.667762624426995,0.04701261994636597,0.9917052595567777,4.284009246823156,0.035712316957292864,0.9916638095726769
time_bin,8,0.8002,0.9001,0.85015,398,"space=0.4,time=0.06",0.21997714583735264,1.2464336465252142,0.5758920590583463,0.21954071378881404,1.2483144085918567,0.5754741847932631,128.44889946305,95.40036375496496,106.72146238324446,6.81765983472063,0.048389944690747914,0.9929022647370388,5.71281272488304,0.040213009462195776,0.9929609088677718
time_bin,9,0.9001,1.0,0.9500500000000001,422,"space=0.4,time=0.06",0.2616308416352571,2.379024792604171,0.38601179422588533,0.2623356756507293,2.3901125197818187,0.3841831845576454,92.90584782971126,55.81245967187023,70.67278427889447,8.032872137519055,0.068450697294773,0.9914786771110363,7.213836010480064,0.06158061831955534,0.9914635405982715
overall,-1,0.0010431334376335144,0.999502420425415,0.5002727769315243,4096,"space=0.4,time=0.1",17.99650077620526,1.0153263696383557,0.739122234076459,0.5987105556028539,0.7685078314340007,0.7827896888649913,233.20230709590737,22.88651778864072,132.5219700269916,484.3669882926107,323.87404018795655,0.3313457605297936,3.1376174860604644,0.16497429416485582,0.9474205207065569
time_bin,0,0.001,0.1009,0.05095,387,"space=0.4,time=0.1",58.42610256101727,1.0164260086755184,0.1534936235749943,9.642776682566002,1.0970053554390282,0.23916521873121752,211.0747793138436,22.88651778864072,99.79127988718083,5038.777684224456,3413.6094604705086,0.3225322341267096,1.2686373564542217,0.8126927176142976,0.3593971460215354
time_bin,1,0.1009,0.2008,0.15085,408,"space=0.4,time=0.1",3.432164648867238,0.9417246199106177,0.6258117352013085,3.044037129293888,0.8814979624915035,0.664045134272384,280.8617918772218,59.61907967790358,146.2765732615606,29.135432473369153,11.77975417693397,0.5956897436254639,1.3839568127710635,0.515834768533359,0.6272753889095215
time_bin,2,0.2008,0.3007,0.25075000000000003,409,"space=0.4,time=0.1",1.1362689218085098,0.5688810159817053,0.7948806272199199,1.0766414592850841,0.5585732567550783,0.8012374216076033,286.3249737962729,76.81331356598835,156.92303904484137,11.464425702032566,1.2911070626678736,0.8873814445574205,1.6317142109273448,0.1697891913906792,0.8959442841074317
time_bin,3,0.3007,0.4006,0.35065,391,"space=0.4,time=0.1",0.5093753260376616,0.4139848964737608,0.8914213332752612,0.4923112693597253,0.40744798696365464,0.8948634467844553,269.48614594783936,75.134631715005,148.35879188666834,6.776879519213788,0.25946322277597406,0.9617134668459902,1.786494945649237,0.06474018074477249,0.9637613414244178
time_bin,4,0.4006,0.5005,0.45055,408,"space=0.4,time=0.1",0.25050068100637374,0.31195234432110686,0.9582273986783784,0.2451811931273829,0.30904307760114264,0.9588510458900351,251.7179623715717,96.01696503525892,152.17301268295375,4.999888017957758,0.062750591184657,0.9874496007043005,2.003217427381157,0.02377026268968093,0.9881339577790635
time_bin,5,0.5005,0.6004,0.55045,409,"space=0.4,time=0.1",0.14424287174313238,0.2731059009735823,0.9589285692991781,0.14373056283375432,0.27382656055423593,0.9589575493310858,239.62746798391248,110.27168478952998,144.72978934087917,5.251211712854685,0.020806006048705736,0.9960378657066611,2.7971978734636727,0.010991137989093772,0.99607066126638
time_bin,6,0.6004,0.7003,0.65035,447,"space=0.4,time=0.1",0.13988607966202582,0.3753206687406683,0.929420468187858,0.14018498304821272,0.3776923395551953,0.9289488097714238,235.76709611402455,113.09359352866366,170.35347897465059,4.6527879773338405,0.019568115283210636,0.9957943247497026,3.0524313039322175,0.012813890772966656,0.995802070724907
time_bin,7,0.7003,0.8002,0.7502500000000001,417,"space=0.4,time=0.1",0.15712092772644573,0.614326209666744,0.8586365439933884,0.1576344356441473,0.6187190613111938,0.8567220209180962,228.015881744442,139.77941104525752,174.8101216295741,5.667762624426995,0.024686985929618984,0.9956443154870909,4.284009246823156,0.018747786160341975,0.9956237755251154
time_bin,8,0.8002,0.9001,0.85015,398,"space=0.4,time=0.1",0.18269434613008212,1.0351819921094327,0.6624396656635428,0.18276496108628582,1.039206488729951,0.6610557611400565,195.02351020057793,136.52208342340523,159.72962188428207,6.81765983472063,0.03337722410789825,0.9951042990016956,5.71281272488304,0.027869059250753836,0.9951216571338699
time_bin,9,0.9001,1.0,0.9500500000000001,422,"space=0.4,time=0.1",0.2128420933128489,1.9353858044265138,0.5183592276883826,0.21326072674928548,1.9429958648089793,0.516770638753354,136.59873713966593,84.55697169691771,109.39110605374454,8.032872137519055,0.045301756685795475,0.9943604534151852,7.213836010480064,0.040695941871573375,0.9943586267062299
overall,-1,0.0010431334376335144,0.999502420425415,0.5002727769315243,4096,"space=0.4,time=0.15",17.898410529360245,1.0097923152427501,0.7721593591895561,0.6179757655206408,0.7932367502036578,0.8483199234380233,326.678215290407,49.058831131686425,185.76143186078883,484.3669882926107,320.35309947751364,0.3386149196497854,3.1376174860604644,0.17576214219240385,0.9439822915275403
time_bin,0,0.001,0.1009,0.05095,387,"space=0.4,time=0.15",58.08352440794547,1.0104662521707515,0.15911680292087332,9.395673143812374,1.0688937529116396,0.2369623208935528,281.18501773977204,49.058831131686425,136.24761255945586,5038.777684224456,3373.6958076483966,0.33045353078303863,1.2686373564542217,0.7715746497672016,0.39180835267077596
time_bin,1,0.1009,0.2008,0.15085,408,"space=0.4,time=0.15",3.7189392214406185,1.0204104357108092,0.5803714122804948,3.3683132925990718,0.9754024600704764,0.6149565694900335,355.31234147583444,95.55040452108733,189.6063151937998,29.135432473369153,13.830508932769353,0.5253027755581123,1.3839568127710635,0.6315906307412124,0.5436341507558063
time_bin,2,0.2008,0.3007,0.25075000000000003,409,"space=0.4,time=0.15",1.3474027874227885,0.6745866686432478,0.7648941541681212,1.2782674297497532,0.66317899527423,0.7739242104760385,391.8315780712641,121.22753339533197,220.92019536010213,11.464425702032566,1.8154942715547,0.8416410627835256,1.6317142109273448,0.23933779594590218,0.8533212538836118
time_bin,3,0.3007,0.4006,0.35065,391,"space=0.4,time=0.15",0.499279056164873,0.40577934935672494,0.9109444004332413,0.4804524939474972,0.39763339511843754,0.9140316406921136,396.90375754322605,124.0635288679745,223.06153981627864,6.776879519213788,0.2492795759248864,0.9632161712702297,1.786494945649237,0.06165882683923872,0.9654861455699822
time_bin,4,0.4006,0.5005,0.45055,408,"space=0.4,time=0.15",0.2153951004005014,0.2682348257708207,0.9714590863402531,0.2100154018660562,0.264717718795855,0.9724829154290976,379.23856491196216,144.28080011044474,233.09458660416607,4.999888017957758,0.04639504927654207,0.9907207823421013,2.003217427381157,0.017440621793507298,0.991293695098667
time_bin,5,0.5005,0.6004,0.55045,409,"space=0.4,time=0.15",0.11576487108694135,0.21918635588170762,0.9820880574495148,0.11571359088348583,0.22045036195714227,0.9816813915938334,356.0181152707737,158.39904504890973,216.9361913722862,5.251211712854685,0.013401505377776148,0.9974479213398597,2.7971978734636727,0.007123823484780816,0.997453228630375
time_bin,6,0.6004,0.7003,0.65035,447,"space=0.4,time=0.15",0.12139688084442729,0.32571331337359916,0.9572623785783445,0.12177913693938146,0.3281025266724095,0.9565697299107184,343.19366399018924,174.40102769133125,242.07488957283633,4.6527879773338405,0.014737202678756077,0.9968326081654968,3.0524313039322175,0.009669940781261759,0.9968320529483742
time_bin,7,0.7003,0.8002,0.7502500000000001,417,"space=0.4,time=0.15",0.12830666213755929,0.5016654787272581,0.9162420469166361,0.12868541595892488,0.5050934425666064,0.9155238234578993,315.5739908442954,199.96723143767917,239.097565378284,5.667762624426995,0.016462599548881792,0.997095397141566,4.284009246823156,0.01249414264969127,0.9970835397636474
time_bin,8,0.8002,0.9001,0.85015,398,"space=0.4,time=0.15",0.1615017224583779,0.9151004304453414,0.8000019219972295,0.16173060875977252,0.9196045951611689,0.798237001549184,257.10221594479486,172.7717719222453,204.48322536893704,6.81765983472063,0.026082806357022925,0.9961742288481552,5.71281272488304,0.021823322709846122,0.9961799338219874
time_bin,9,0.9001,1.0,0.9500500000000001,422,"space=0.4,time=0.15",0.18803673761471693,1.7098292307963634,0.6373808583130661,0.18829411449577346,1.715527708312014,0.6360546624798025,192.3462095971222,122.73774784541102,153.24647057682517,8.032872137519055,0.0353578146927859,0.9955983595850326,7.213836010480064,0.03172508727975789,0.995602189017093
overall,-1,0.0010431334376335144,0.999502420425415,0.5002727769315243,4096,"space=0.5,time=0.06",18.121137441977936,1.022358119585552,0.6951884125045553,0.5989249186161134,0.7687829888584323,0.7368587026083877,210.77333967273805,45.976744701549485,129.1308857219846,484.3669882926107,328.3756221910546,0.32205201815714923,3.1376174860604644,0.16509245048406324,0.9473828627322004
time_bin,0,0.001,0.1009,0.05095,387,"space=0.5,time=0.06",58.84627897005142,1.0237357249094257,0.12923225678329506,9.266519495232613,1.0542006568428852,0.23348705382887144,191.86590215533778,45.976744701549485,87.32831068127976,5038.777684224456,3462.884548621116,0.3127530592476945,1.2686373564542217,0.7505081929413858,0.40841393073655174
time_bin,1,0.1009,0.2008,0.15085,408,"space=0.5,time=0.06",3.086995714307189,0.8470164351471633,0.6172669565228069,2.8396156378858306,0.8223012048594845,0.6428229776019505,259.139359771334,77.1583218362172,139.31393353059426,29.135432473369153,9.52954254015095,0.6729225644551347,1.3839568127710635,0.44887956921122546,0.6756549324187406
time_bin,2,0.2008,0.3007,0.25075000000000003,409,"space=0.5,time=0.06",1.3396306477382258,0.6706954923246449,0.6920617648287493,1.2772450048290285,0.6626485501452304,0.6956901818417868,243.8098793621593,77.33391349270582,139.67743914957364,11.464425702032566,1.7946102723595383,0.8434626977890404,1.6317142109273448,0.2389550793758394,0.8535558026576276
time_bin,3,0.3007,0.4006,0.35065,391,"space=0.5,time=0.06",0.6448585596525808,0.5240962614633082,0.8361974343477808,0.6241431059375685,0.5165550088305767,0.8412040816229956,233.53059799230945,80.14118168034659,136.06956681743245,6.776879519213788,0.4158425619572011,0.9386380471772316,1.786494945649237,0.10405494135254062,0.9417546962427746
time_bin,4,0.4006,0.5005,0.45055,408,"space=0.5,time=0.06",0.31349358675906625,0.3903983770672253,0.9347748233614422,0.3068830008684044,0.386816239215265,0.9360557870415861,219.22945601464207,103.76300845168153,138.93455165274264,4.999888017957758,0.09827822893906418,0.9803439140257694,2.003217427381157,0.03723962830231904,0.9814100917816475
time_bin,5,0.5005,0.6004,0.55045,409,"space=0.5,time=0.06",0.17452000810249832,0.3304318852970907,0.9239398055155443,0.17329296952845757,0.3301470256475171,0.9245146355848803,211.24980142409322,116.31749071406061,141.40249140409793,5.251211712854685,0.03045723322809608,0.9941999609165371,2.7971978734636727,0.015977406893600374,0.9942880670016038
time_bin,6,0.6004,0.7003,0.65035,447,"space=0.5,time=0.06",0.15007820262123797,0.402666594898445,0.8915037334958187,0.1501838383622466,0.40463168051964465,0.8906230979728013,213.5018111657293,117.59396913990147,159.96076298356766,4.6527879773338405,0.022523466902021356,0.9951591460940545,3.0524313039322175,0.014707011440004927,0.995181869818699
time_bin,7,0.7003,0.8002,0.7502500000000001,417,"space=0.5,time=0.06",0.17931371876746496,0.70109767543795,0.7874552298255966,0.18001147871526574,0.7065495091908516,0.7841608785996731,207.5810542041207,134.7116064140698,163.43636449223328,5.667762624426995,0.032153409738217516,0.9943269660689542,4.284009246823156,0.024448273631740923,0.9942931323986282
time_bin,8,0.8002,0.9001,0.85015,398,"space=0.5,time=0.06",0.17681817902662342,1.001886476966369,0.6623119554861782,0.17639640151031608,1.002994687540737,0.6624087485180205,190.73676026989048,152.74840903015036,161.82810370226764,6.81765983472063,0.03126466843429105,0.9954141642225666,5.71281272488304,0.025960668694902368,0.9954557115908275
time_bin,9,0.9001,1.0,0.9500500000000001,422,"space=0.5,time=0.06",0.2013635584386424,1.83101080460681,0.44046637667428373,0.2018246188019073,1.83880269811595,0.4388207813176067,138.77086560795044,89.13432409876432,104.86520336714543,8.032872137519055,0.04054728266707255,0.9949523306331228,7.213836010480064,0.036448328476651456,0.9949474415036362
overall,-1,0.0010431334376335144,0.999502420425415,0.5002727769315243,4096,"space=0.5,time=0.1",17.94293081976229,1.0123040604642946,0.7566880821929776,0.5965311679018948,0.7657103585980131,0.8291878588312304,334.5455546435437,72.31716322323416,198.9171712582493,484.3669882926107,321.9487664027754,0.3353205850568076,3.1376174860604644,0.1637754225172828,0.947802616882741
time_bin,0,0.001,0.1009,0.05095,387,"space=0.5,time=0.1",58.25330151255523,1.0134198269813042,0.1393938691239274,9.264606989122084,1.0539830816034468,0.23960632118355135,275.1923210000556,72.31716322323416,135.23864416637392,5038.777684224456,3393.44713711267,0.32653366554943797,1.2686373564542217,0.7501984318956162,0.4086580990497044
time_bin,1,0.1009,0.2008,0.15085,408,"space=0.5,time=0.1",3.321970005878036,0.9114891799181215,0.61261767934933,3.013401771311032,0.8726265182564098,0.6421294218074768,376.76943275424765,116.4398956066585,200.43451152385182,29.135432473369153,11.035484719953319,0.6212349095469064,1.3839568127710635,0.5055042357006271,0.6347398796094894
time_bin,2,0.2008,0.3007,0.25075000000000003,409,"space=0.5,time=0.1",1.3223309394428318,0.662034271866721,0.7341384847934151,1.2562172492113408,0.6517391226507505,0.7400987535545931,402.0358562503362,131.82838757607266,228.79000584143077,11.464425702032566,1.7485591134077623,0.8474795722586828,1.6317142109273448,0.23115183514374651,0.8583380397258675
time_bin,3,0.3007,0.4006,0.35065,391,"space=0.5,time=0.1",0.6112451716691044,0.49677763365948924,0.8698990953579627,0.5909255194712157,0.48906337989608417,0.8747655644055001,388.7195085421609,138.14172138467754,229.46274261515697,6.776879519213788,0.37362065988879295,0.9448683338285433,1.786494945649237,0.09327383738208572,0.94778947621031
time_bin,4,0.4006,0.5005,0.45055,408,"space=0.5,time=0.1",0.2881706938161646,0.3588633896700071,0.9534213331501189,0.2810094906613864,0.3542035044425489,0.9546517280569369,367.9486900099697,181.99108708484607,235.00894908886272,4.999888017957758,0.08304234877448968,0.9833911582999172,2.003217427381157,0.03122494258834617,0.9844126044404011
time_bin,5,0.5005,0.6004,0.55045,409,"space=0.5,time=0.1",0.13928959284457254,0.26372748469542034,0.976367891602546,0.13815531523532315,0.2632049443578083,0.9764995090443955,354.1143512592808,190.69064882071518,232.90488141532302,5.251211712854685,0.019401590674806794,0.9963053116692352,2.7971978734636727,0.010154992432438855,0.9963695838279899
time_bin,6,0.6004,0.7003,0.65035,447,"space=0.5,time=0.1",0.11339434386245702,0.3042421452705848,0.9570268660865512,0.11372262451740331,0.3063963284823658,0.9563161877852814,348.7914168351652,192.99265815121282,264.61604273571,4.6527879773338405,0.012858277219997143,0.9972364360346956,3.0524313039322175,0.008432799577299368,0.9972373499319019
time_bin,7,0.7003,0.8002,0.7502500000000001,417,"space=0.5,time=0.1",0.1294941451505338,0.5063084117149909,0.9083534589194857,0.1299161769849142,0.5099242100546034,0.9075127772488824,338.5912828270168,227.9763512060209,268.7658140142022,5.667762624426995,0.016768733628267522,0.9970413839269818,4.284009246823156,0.012734276137968245,0.997027486316075
time_bin,8,0.8002,0.9001,0.85015,398,"space=0.5,time=0.1",0.14521432854088948,0.822812862499633,0.7834885788773689,0.14520966407987954,0.8256660589710302,0.7820488177136385,290.17970363924053,211.49904420375046,245.03637707394023,6.81765983472063,0.021087201213581385,0.9969069736986202,5.71281272488304,0.017592496519890772,0.9969205193069836
time_bin,9,0.9001,1.0,0.9500500000000001,422,"space=0.5,time=0.1",0.16458734276660025,1.4966024897647878,0.5885652371504325,0.16488287146839448,1.5022303558852252,0.5868209768337637,204.04160303580994,137.72463688970717,163.97016083956473,8.032872137519055,0.02708899339897036,0.9966277325343293,7.213836010480064,0.02432654425291082,0.9966277935644992
overall,-1,0.0010431334376335144,0.999502420425415,0.5002727769315243,4096,"space=0.5,time=0.15",17.862159757523443,1.0077471196225931,0.7846666642565642,0.6011568949624482,0.7716479647398189,0.8783202418693129,470.4274893835001,108.73785328837239,279.28149619176827,484.3669882926107,319.05675120329,0.3412912958387707,3.1376174860604644,0.1663252228510147,0.9469899619504769
time_bin,0,0.001,0.1009,0.05095,387,"space=0.5,time=0.15",57.979956733916424,1.0086645082082613,0.14611476296839626,9.107611706830651,1.0361225968984817,0.2399013900482323,372.1168330341678,108.73785328837239,195.20273830064554,5038.777684224456,3361.6753828668207,0.3328391142588062,1.2686373564542217,0.7249885762667069,0.42852970010412517
time_bin,1,0.1009,0.2008,0.15085,408,"space=0.5,time=0.15",3.4610309676697697,0.9496450217221989,0.5997825725373506,3.1656325882609018,0.9167098028124214,0.6276278941167157,481.21229916367304,162.3066622216473,256.9852673187937,29.135432473369153,11.978735359169141,0.5888602180178124,1.3839568127710635,0.5578683676755355,0.5969033437339981
time_bin,2,0.2008,0.3007,0.25075000000000003,409,"space=0.5,time=0.15",1.4042045439284685,0.7030248669696315,0.7322654438471582,1.3324983722964974,0.6913145959739718,0.7407973778216775,551.2819634274291,193.4278641547156,319.88154924190246,11.464425702032566,1.971790401189358,0.8280079220087011,1.6317142109273448,0.2600765618216309,0.8406114511438021
time_bin,3,0.3007,0.4006,0.35065,391,"space=0.5,time=0.15",0.5944192528192487,0.48310269512778187,0.8820671680299803,0.5725006526001242,0.47381454164287284,0.8872330434603974,572.9591738507349,221.89131268214518,341.0613043952343,6.776879519213788,0.35333424812219383,0.9478618076949664,1.786494945649237,0.08754801936179406,0.95099453313039
time_bin,4,0.4006,0.5005,0.45055,408,"space=0.5,time=0.15",0.25595660399299613,0.31874668898825353,0.9674641163392671,0.24879743792503792,0.31360123888330016,0.9689337866019904,554.0522135510691,264.80695551272106,357.99579488822894,4.999888017957758,0.06551378312762746,0.9868969499394196,2.003217427381157,0.024476621972770823,0.9877813453916567
time_bin,5,0.5005,0.6004,0.55045,409,"space=0.5,time=0.15",0.1107823512834198,0.2097525755942304,0.9890707247445945,0.11008124311623126,0.20971996205787705,0.9889499638981986,525.866810805152,275.4159178713067,343.8844304776246,5.251211712854685,0.012272729355883024,0.9976628766837816,2.7971978734636727,0.006447198747397551,0.9976951223989151
time_bin,6,0.6004,0.7003,0.65035,447,"space=0.5,time=0.15",0.09670886191269867,0.25947424371258815,0.9734954874614614,0.09708693949296394,0.2615757588296027,0.9728100307747893,507.68206906146054,294.3015946708823,378.19994972131155,4.6527879773338405,0.009352603972449419,0.9979898925122078,3.0524313039322175,0.006146100430056783,0.9979864901784999
time_bin,7,0.7003,0.8002,0.7502500000000001,417,"space=0.5,time=0.15",0.10388411684508202,0.406175909660663,0.9404189304753285,0.10420266734593575,0.4089980483194866,0.9400346859712856,468.45648485896766,323.5005707769613,369.04844252137826,5.667762624426995,0.010791909732682653,0.9980959136031684,4.284009246823156,0.008192292891106621,0.998087704204173
time_bin,8,0.8002,0.9001,0.85015,398,"space=0.5,time=0.15",0.12774253066852334,0.7238142294802434,0.8555330617794189,0.12790257664896879,0.7272574939358112,0.854420353605725,382.9199746634329,264.31315025422316,314.323477194487,6.81765983472063,0.016318154141598627,0.9976064874878974,5.71281272488304,0.01364881727044139,0.9976108411208545
time_bin,9,0.9001,1.0,0.9500500000000001,422,"space=0.5,time=0.15",0.14777281836494674,1.3437070200359207,0.7139514296659109,0.1479501135401411,1.3479577941439997,0.7126680653390448,287.2288775675519,201.1022706469016,234.66675217510627,8.032872137519055,0.02183680584751954,0.9972815693507254,7.213836010480064,0.01958663995586497,0.9972848509585942
overall,-1,0.0010431334376335144,0.999502420425415,0.5002727769315243,4096,"space=0.6,time=0.06",18.05839649202317,1.018818401407146,0.6954966220836214,0.6142574066168344,0.7884638463172711,0.7621184408534953,278.00543508688645,65.98626235334793,181.99253865805036,484.3669882926107,326.10568386311473,0.32673841996148056,3.1376174860604644,0.17365338463886643,0.944654380319812
time_bin,0,0.001,0.1009,0.05095,387,"space=0.6,time=0.06",58.62945561351635,1.0199636968396018,0.1059594390605309,9.095814051243913,1.0347804428917757,0.21540447249943312,236.9928431510429,65.98626235334793,122.27396223339815,5038.777684224456,3437.4130655372837,0.31780815091477255,1.2686373564542217,0.7231115472323639,0.43000926320385413
time_bin,1,0.1009,0.2008,0.15085,408,"space=0.6,time=0.06",3.2274757677746146,0.8855616503367368,0.5559381157615901,2.9980851623144447,0.8681911059899692,0.5785629337677495,324.0437463356893,122.45167346418891,180.41948604098775,29.135432473369153,10.416599831572338,0.6424765674057437,1.3839568127710635,0.5003785112713489,0.6384435532681916
time_bin,2,0.2008,0.3007,0.25075000000000003,409,"space=0.6,time=0.06",1.4765553079818157,0.7392477851290152,0.6239618860786276,1.4088597063237756,0.7309316836032203,0.6312308109988298,315.32000746974165,120.11264921796618,189.89405041625247,11.464425702032566,2.180215577529274,0.8098277548049342,1.6317142109273448,0.2907390303096062,0.8218198832977188
time_bin,3,0.3007,0.4006,0.35065,391,"space=0.6,time=0.06",0.7248479212663831,0.589106060513221,0.8203247931138962,0.7020941121131682,0.5810690318171847,0.8262883801842196,307.94406763275566,128.55705037724212,196.00392642044167,6.776879519213788,0.5254045089641968,0.922471027159435,1.786494945649237,0.13166944807311332,0.9262973300558451
time_bin,4,0.4006,0.5005,0.45055,408,"space=0.6,time=0.06",0.3536674446068942,0.44042749908679363,0.9288808439392617,0.3458568817774353,0.43594157362021496,0.9304111488700183,292.6408800155589,164.37630776426096,197.12285010367333,4.999888017957758,0.12508066137477056,0.9749833074910158,2.003217427381157,0.047299060686212965,0.9763884539922696
time_bin,5,0.5005,0.6004,0.55045,409,"space=0.6,time=0.06",0.17973089072523016,0.34029804212238646,0.9403881966245374,0.17783965227741466,0.3388090838384269,0.9420668316545823,284.9745220363135,176.06432802266423,201.88169505447044,5.251211712854685,0.032303193080884626,0.9938484306507216,2.7971978734636727,0.016826802947145673,0.993984407379034
time_bin,6,0.6004,0.7003,0.65035,447,"space=0.6,time=0.06",0.13559920569989933,0.3638187923126519,0.9166638043816318,0.13573885385551365,0.3657133893121609,0.9154331720592671,288.64600837343437,182.98352707160123,226.16079086895363,4.6527879773338405,0.01838714458644361,0.9960481447604107,3.0524313039322175,0.012013965663641555,0.9960641323495778
time_bin,7,0.7003,0.8002,0.7502500000000001,417,"space=0.6,time=0.06",0.15608057366187889,0.6102585353063337,0.8274406251622909,0.15668121297785684,0.614977638754011,0.8248792712463536,281.4533461384093,199.53721783609527,230.08959947939232,5.667762624426995,0.024361145474621204,0.9957018056249132,4.284009246823156,0.018521734259693876,0.9956765419612028
time_bin,8,0.8002,0.9001,0.85015,398,"space=0.6,time=0.06",0.14922768758016228,0.8455533418484941,0.7244759913573964,0.1488361567479654,0.8462863939061669,0.7241929471087573,259.3154728040007,211.53321796739127,227.6129623220589,6.81765983472063,0.02226890274052252,0.9967336442052376,5.71281272488304,0.018482185573785195,0.996764783578336
time_bin,9,0.9001,1.0,0.9500500000000001,422,"space=0.6,time=0.06",0.16454075467335313,1.4961788614640024,0.4697692934490616,0.1648422952346798,1.5018606701230182,0.4681930569445349,189.2458341092553,126.36691982658836,144.0777442828883,8.032872137519055,0.02707365994847658,0.9966296413721911,7.213836010480064,0.02431457262625898,0.9966294531013417
overall,-1,0.0010431334376335144,0.999502420425415,0.5002727769315243,4096,"space=0.6,time=0.1",17.91102935818037,1.0105042441790668,0.759479394500082,0.6092558714750966,0.7820438510630576,0.8490136631779266,442.229604108631,105.12048116665373,278.11631884756173,484.3669882926107,320.80497266959924,0.3376820047257747,3.1376174860604644,0.1708369838308555,0.9455520043327922
time_bin,0,0.001,0.1009,0.05095,387,"space=0.6,time=0.1",58.14356979122191,1.0115108484485766,0.14411850400646237,9.072756218448161,1.03215728081985,0.24635826511842845,342.57633268082327,105.12048116665373,180.57814298335109,5038.777684224456,3380.6747080666923,0.32906849241547353,1.2686373564542217,0.7194500274188685,0.432895446371964
time_bin,1,0.1009,0.2008,0.15085,408,"space=0.6,time=0.1",3.335856444418301,0.9152993703938491,0.5934257747050001,3.0713404188888567,0.8894045001337901,0.6138859061148276,473.57560970542517,180.60518929078964,264.49293032109887,29.135432473369153,11.127938217767108,0.6180616771651128,1.3839568127710635,0.5251297594668138,0.6205591454685999
time_bin,2,0.2008,0.3007,0.25075000000000003,409,"space=0.6,time=0.1",1.469130920229157,0.7355307132574619,0.6751169165615339,1.3985683770135595,0.7255924304288501,0.6794676434159156,519.9148625415527,202.43271709931088,308.02872886392856,11.464425702032566,2.1583456607733695,0.8117353877998387,1.6317142109273448,0.2865070079256299,0.8244134884337769
time_bin,3,0.3007,0.4006,0.35065,391,"space=0.6,time=0.1",0.703566960007968,0.5718103728481775,0.8422879662777687,0.6809263277698081,0.5635500927719751,0.8483321651090773,512.5889450356497,221.18624700927057,331.58676377157605,6.776879519213788,0.4950064672148537,0.9269565786021459,1.786494945649237,0.1238495993050136,0.930674531762109
time_bin,4,0.4006,0.5005,0.45055,408,"space=0.6,time=0.1",0.33491256606886216,0.4170717608752562,0.9451719678740651,0.32656731689179225,0.4116276920300031,0.9469236141297273,491.24462900368593,271.7823578731666,330.5712128799796,4.999888017957758,0.11216642691082998,0.9775662122264276,2.003217427381157,0.042170146433036064,0.9789487922548409
time_bin,5,0.5005,0.6004,0.55045,409,"space=0.6,time=0.1",0.15513619064283088,0.293731042699772,0.9779358728418234,0.15348659231529427,0.2924131432888054,0.9786503848769815,477.5413963146719,292.8984980358589,332.35161035072866,5.251211712854685,0.024067237647168768,0.9954168220750991,2.7971978734636727,0.012533873175034578,0.9955191324685566
time_bin,6,0.6004,0.7003,0.65035,447,"space=0.6,time=0.1",0.10654894366786746,0.2858756274223596,0.9711840076197239,0.10674351295000145,0.2875929094670625,0.9703584905682985,471.45446723353217,299.0781306087517,369.1183106958418,4.6527879773338405,0.011352677396738394,0.9975600269284474,3.0524313039322175,0.007429524404754838,0.9975660306029347
time_bin,7,0.7003,0.8002,0.7502500000000001,417,"space=0.6,time=0.1",0.11351583665998267,0.44383491544735093,0.9332147330467198,0.1138166653290049,0.4467332283467772,0.9328366247826075,459.05215957090974,338.8012584775901,380.07680106717106,5.667762624426995,0.012885845172615868,0.997726467037567,4.284009246823156,0.009773711450846765,0.9977185596797485
time_bin,8,0.8002,0.9001,0.85015,398,"space=0.6,time=0.1",0.12161029271804939,0.6890677667016921,0.8378562161747675,0.12154645411235948,0.691116410087203,0.8365078958404366,394.87316045609435,291.0825760630771,340.1690160045395,6.81765983472063,0.014789063294969656,0.9978307713156997,5.71281272488304,0.012325967536606952,0.9978423995134055
time_bin,9,0.9001,1.0,0.9500500000000001,422,"space=0.6,time=0.1",0.1342421441703831,1.2206717954105588,0.6282846091112309,0.1344650184274626,1.2250965226859258,0.6265997600266461,278.29966268018507,198.03587266652156,224.69901831513403,8.032872137519055,0.018020953271461925,0.9977565990170741,7.213836010480064,0.016178861827045393,0.9977572456899334
overall,-1,0.0010431334376335144,0.999502420425415,0.5002727769315243,4096,"space=0.6,time=0.15",17.842065718351805,1.0066134543563716,0.7840125104990029,0.6091690877545813,0.7819324550500212,0.8913863306837377,623.2870350844164,159.48827079312744,386.5282952356803,484.3669882926107,318.3393090979847,0.342772491136203,3.1376174860604644,0.17078831852014398,0.9455675146079525
time_bin,0,0.001,0.1009,0.05095,387,"space=0.6,time=0.15",57.913822940409325,1.0075139932016717,0.15477894429007594,8.96851218512812,1.020298013869138,0.25107812569351,467.5070077703432,159.48827079312744,260.2320716927678,5038.777684224456,3354.0108875730816,0.3343602163542053,1.2686373564542217,0.7030123511087194,0.4458524006165734
time_bin,1,0.1009,0.2008,0.15085,408,"space=0.6,time=0.15",3.4059698377361554,0.934537232043258,0.5777149043066416,3.146505316274802,0.9111708916337398,0.5976097759316602,609.1326067820223,239.99375763855048,349.821953298212,29.135432473369153,11.600630535568452,0.6018377093873506,1.3839568127710635,0.551147269602615,0.6017597799770472
time_bin,2,0.2008,0.3007,0.25075000000000003,409,"space=0.6,time=0.15",1.5081720490071022,0.7550769285749772,0.6859615568891221,1.4338196988132559,0.7438811982008554,0.6949961513711201,714.2997398894,279.68845488841004,427.91937323861026,11.464425702032566,2.274582929406281,0.8015964352214366,1.6317142109273448,0.30113201228926084,0.8154505191980739
time_bin,3,0.3007,0.4006,0.35065,391,"space=0.6,time=0.15",0.6937778811251207,0.563854489237927,0.852326699787182,0.6695773482879477,0.5541574196162503,0.8588680398819455,755.9525506926631,346.5113229236625,491.4501462537171,6.776879519213788,0.4813277483384622,0.9289750177403104,1.786494945649237,0.11975560782364915,0.9329661651464735
time_bin,4,0.4006,0.5005,0.45055,408,"space=0.6,time=0.15",0.31059861904981356,0.38679322932867566,0.9519247573860885,0.3021368170597495,0.380833825832011,0.9538642601820333,739.3196118736563,409.2548282122265,505.455911267059,4.999888017957758,0.0964715021556512,0.9807052674747487,2.003217427381157,0.0360966561440812,0.9819806599770462
time_bin,5,0.5005,0.6004,0.55045,409,"space=0.6,time=0.15",0.1303633887348188,0.24682682966679878,0.9902783787563655,0.1290080519505708,0.24577814525284053,0.9904315997582843,708.9960520079254,427.7478804913573,495.1657025718222,5.251211712854685,0.016994613122425485,0.9967636777910781,2.7971978734636727,0.0088547854446001,0.9968344086426822
time_bin,6,0.6004,0.7003,0.65035,447,"space=0.6,time=0.15",0.09009734567647211,0.24173524708643593,0.9810576689267868,0.09030051377054948,0.24329148220751448,0.9804236064607181,686.1106220044022,449.77600344342915,535.6501743557005,4.6527879773338405,0.008117531697945707,0.9982553402991833,3.0524313039322175,0.005316899768847021,0.9982581426993692
time_bin,7,0.7003,0.8002,0.7502500000000001,417,"space=0.6,time=0.15",0.08977153921961975,0.3509972237482918,0.9538354256256129,0.08999329777521381,0.35322592107650536,0.9534898893700307,634.9353457627101,461.4834357694183,518.5490653143681,5.667762624426995,0.008058929253859728,0.9985781110159927,4.284009246823156,0.006110378770194664,0.9985736775053736
time_bin,8,0.8002,0.9001,0.85015,398,"space=0.6,time=0.15",0.10617925586577177,0.6016324858217843,0.8845908105016846,0.10627581394496766,0.6042871390130737,0.8836611292787757,521.2450222170861,369.90610374352894,439.5567021012173,6.81765983472063,0.01127403437620903,0.9983463483610231,5.71281272488304,0.009423349784109471,0.9983504885909231
time_bin,9,0.9001,1.0,0.9500500000000001,422,"space=0.6,time=0.15",0.12168254505314624,1.1064666141776387,0.758605789624183,0.12181652056289143,1.1098574000330281,0.757498581832327,391.6339957793228,279.75403213733733,323.90673704079404,8.032872137519055,0.014806641770610965,0.9981567437525837,7.213836010480064,0.01327827674091459,0.9981593320525699
